**********************
PowerShell transcript start
Start time: 20260914031912
Username: STATION\Joker
RunAs User: STATION\Joker
Configuration Name: 
Machine: STATION (Microsoft Windows NT 10.0.26200.0)
Host Application: C:\Program Files\PowerShell\7\pwsh.dll -NoProfile -WindowStyle Hidden -ExecutionPolicy Bypass -File D:\Repos\Scripts\Watch_Downloads.ps1
Process ID: 22668
PSVersion: 7.6.5
PSEdition: Core
GitCommitId: 7.6.5
OS: Microsoft Windows 10.0.26200
Platform: Win32NT
PSCompatibleVersions: 1.0, 2.0, 3.0, 4.0, 5.0, 5.1, 6.0, 7.0
PSRemotingProtocolVersion: 2.4
SerializationVersion: 1.1.0.1
WSManStackVersion: 3.0
**********************
✅ 找到转换脚本: D:\Repos\Scripts\Convert_to_Mp4_Srt.ps1
==========================================
   文件夹监控已启动
==========================================

📂 监控路径:
   D:\Videos

功能:
   • 视频格式转换 (MP4+H.264)
   • 字幕格式转换 (VTT/ASS/SSA/SUB → SRT)
   • NSFW 内容检测和自动分类
   • NSFW → \\192.168.1.111\data\Scenes
   • 普通 → \\192.168.1.111\data\Movies

支持格式: TS, AVI, MKV, MOV, WMV, FLV, WEBM, MP4, VTT, ASS, SSA, SUB, SRT等
按 Ctrl+C 停止监控

==========================================
   正在扫描已存在的文件...
==========================================

找到 1 个 MP4/SRT 文件需要移动

[03:19:27] 处理: Asa Akira - Invasian 4 Scene 1.mp4 ~ pixeldrain.mp4
 ✅ 目标端已有副本（2228.14MB ≥ 本地 2228.14MB），已删除本地源文件

初始化完成：已处理 1 / 1 个文件

监控已启动，等待文件变化...

轮询间隔: 每 5 分钟

[03:24:29] [监控] 无待处理文件
[03:29:29] [监控] 无待处理文件
[03:34:29] [监控] 无待处理文件
[03:39:29] [监控] 无待处理文件
[03:44:30] [监控] 无待处理文件
[03:49:30] [监控] 无待处理文件
[03:54:30] [监控] 无待处理文件
[03:59:30] [监控] 无待处理文件
[04:04:30] [监控] 无待处理文件
[04:09:31] [监控] 无待处理文件
[04:14:31] [监控] 无待处理文件
[04:19:31] [监控] 无待处理文件
[04:24:31] [监控] 无待处理文件
[04:29:32] [监控] 无待处理文件
[04:34:32] [监控] 无待处理文件
[04:39:32] [监控] 无待处理文件
[04:44:32] [监控] 无待处理文件
[04:49:33] [监控] 无待处理文件
[04:54:33] [监控] 无待处理文件
[04:59:33] [监控] 无待处理文件
[05:04:33] [监控] 无待处理文件
[05:09:33] [监控] 无待处理文件
[05:14:34] [监控] 无待处理文件
[05:19:34] [监控] 无待处理文件
[05:24:34] [监控] 无待处理文件
[05:29:34] [监控] 无待处理文件
[05:34:35] [监控] 无待处理文件
[05:39:35] [监控] 无待处理文件
[05:44:35] [监控] 无待处理文件
[05:49:35] [监控] 无待处理文件
[05:54:36] [监控] 无待处理文件
[05:59:36] [监控] 无待处理文件
[06:04:36] [监控] 无待处理文件
[06:09:36] [监控] 无待处理文件
[06:14:37] [监控] 无待处理文件
[06:19:37] [监控] 无待处理文件
[06:24:37] [监控] 无待处理文件
[06:29:37] [监控] 无待处理文件
[06:34:38] [监控] 无待处理文件
[06:39:38] [监控] 无待处理文件
[06:44:38] [监控] 无待处理文件
[06:49:38] [监控] 无待处理文件
[06:54:39] [监控] 无待处理文件
[06:59:39] [监控] 无待处理文件
[07:04:39] [监控] 无待处理文件
[07:09:39] [监控] 无待处理文件
[07:14:39] [监控] 无待处理文件
[07:19:40] [监控] 无待处理文件
[07:24:40] [监控] 无待处理文件
[07:29:40] [监控] 无待处理文件
[07:34:40] [监控] 无待处理文件
[07:39:41] [监控] 无待处理文件
[07:44:41] [监控] 无待处理文件
[07:49:41] [监控] 无待处理文件
[07:54:41] [监控] 无待处理文件
[07:59:42] [监控] 无待处理文件
[08:04:42] [监控] 无待处理文件
[08:09:42] [监控] 无待处理文件
[08:14:42] [监控] 无待处理文件
[08:19:43] [监控] 无待处理文件
[08:24:43] [监控] 无待处理文件
[08:29:43] [监控] 无待处理文件
[08:34:43] [监控] 无待处理文件
[08:39:44] [监控] 无待处理文件
[08:44:44] [监控] 无待处理文件
[08:49:44] [监控] 无待处理文件
[08:54:44] [监控] 无待处理文件
[08:59:45] [监控] 无待处理文件
[09:04:45] [监控] 无待处理文件
[09:09:45] [监控] 无待处理文件
[09:14:45] [监控] 无待处理文件
[09:19:46] [监控] 无待处理文件
[09:24:46] [监控] 无待处理文件
[09:29:46] [监控] 无待处理文件
[09:34:46] [监控] 无待处理文件
[09:39:47] [监控] 无待处理文件
[09:44:47] [监控] 无待处理文件
[09:49:47] [监控] 无待处理文件
[09:54:47] [监控] 无待处理文件
[09:59:48] [监控] 无待处理文件
[10:04:48] [监控] 无待处理文件
[10:09:48] [监控] 无待处理文件
[10:14:48] [监控] 无待处理文件
[10:19:49] [监控] 无待处理文件
[10:24:49] [监控] 无待处理文件
[10:29:49] [监控] 无待处理文件
[10:34:49] [监控] 无待处理文件
[10:39:50] [监控] 无待处理文件
[10:44:52] [监控] 无待处理文件
[10:49:53] [监控] 无待处理文件
[10:54:53] [监控] 无待处理文件
[10:59:53] [监控] 无待处理文件
[11:04:53] [监控] 无待处理文件
[11:09:54] [监控] 无待处理文件
[11:14:54] [监控] 无待处理文件
[11:19:54] [监控] 无待处理文件
[11:24:54] [监控] 无待处理文件
Rename-Item: D:\Repos\Scripts\Watch_Downloads.ps1:219
Line |
 219 |              Rename-Item -LiteralPath $file.FullName -NewName $newName
     |              ~~~~~~~~~~~~~~~~~~~~~~~~~~~~~~~~~~~~~~~~~~~~~~~~~~~~~~~~~
     | The process cannot access the file because it is being used by another process.
Rename-Item: D:\Repos\Scripts\Watch_Downloads.ps1:219
Line |
 219 |              Rename-Item -LiteralPath $file.FullName -NewName $newName
     |              ~~~~~~~~~~~~~~~~~~~~~~~~~~~~~~~~~~~~~~~~~~~~~~~~~~~~~~~~~
     | The process cannot access the file because it is being used by another process.

✏️  已去掉重复.mp4后缀: Stoya - Bad Girls 7 Scene 6 - 1080p.mp4.mp4 -> Stoya - Bad Girls 7 Scene 6 - 1080p.mp4
[11:27:05] [跳过] 文件被占用，稍后重试: Stoya - Bad Girls 7 Scene 6 - 1080p.mp4.mp4
✏️  已去掉重复.mp4后缀: Stoya - Bad Girls 7 Scene 6 - 1080p.mp4.mp4 -> Stoya - Bad Girls 7 Scene 6 - 1080p.mp4
[11:32:05] [处理] 发现文件: Stoya - Bad Girls 7 Scene 6 - 1080p.mp4 (D:\Videos)
  🔊 音频响度标准化: Stoya - Bad Girls 7 Scene 6 - 1080p.mp4
  📏 第一遍：测量音频响度...
  🔊 第二遍：应用响度标准化 (输入 -24.72 LUFS → -16 LUFS)...
  🔍 校验输出音轨...
  ✅ 音频标准化完成
  🔍 正在进行 NSFW 检测...
  🔞 检测结果: NSFW (置信度: 0.6555)
  📁 目标: Scenes (NSFW)
❌ 无法访问网络路径: \\192.168.1.111\data\Scenes
[11:34:52] [监控] 无待处理文件
[11:37:12] [处理] 发现文件: Stoya - Bad Girls 7 Scene 6 - 1080p.mp4 (D:\Videos)
  🔊 音频响度标准化: Stoya - Bad Girls 7 Scene 6 - 1080p.mp4
  📏 第一遍：测量音频响度...
  🔊 第二遍：应用响度标准化 (输入 -17.34 LUFS → -16 LUFS)...
  🔍 校验输出音轨...
  ✅ 音频标准化完成
  🔍 正在进行 NSFW 检测...
  🔞 检测结果: NSFW (置信度: 0.6555)
  📁 目标: Scenes (NSFW)
  ✅ 已移动
[11:42:15] [监控] 无待处理文件
[11:47:16] [监控] 无待处理文件
[11:49:16] [处理] 发现文件: Video, Voracious - Voracious 2 ep11 - I Thought You Were Dead.mp4 (D:\Videos)
  🔊 音频响度标准化: Video, Voracious - Voracious 2 ep11 - I Thought You Were Dead.mp4
  📏 第一遍：测量音频响度...
  🔊 第二遍：应用响度标准化 (输入 -18.20 LUFS → -16 LUFS)...
  🔍 校验输出音轨...
  ✅ 音频标准化完成
  🔍 正在进行 NSFW 检测...
  🔞 检测结果: NSFW (置信度: 0.5853)
  📁 目标: Scenes (NSFW)
  ✅ 已移动
[11:54:19] [监控] 无待处理文件
[11:59:19] [监控] 无待处理文件
[12:04:19] [监控] 无待处理文件
[12:09:20] [监控] 无待处理文件
**********************
PowerShell transcript start
Start time: 20260914122926
Username: STATION\Joker
RunAs User: STATION\Joker
Configuration Name: 
Machine: STATION (Microsoft Windows NT 10.0.26200.0)
Host Application: C:\Program Files\PowerShell\7\pwsh.dll -NoProfile -ExecutionPolicy Bypass -WindowStyle Hidden -File D:\Repos\Scripts\Watch_Downloads.ps1
Process ID: 16576
PSVersion: 7.6.5
PSEdition: Core
GitCommitId: 7.6.5
OS: Microsoft Windows 10.0.26200
Platform: Win32NT
PSCompatibleVersions: 1.0, 2.0, 3.0, 4.0, 5.0, 5.1, 6.0, 7.0
PSRemotingProtocolVersion: 2.4
SerializationVersion: 1.1.0.1
WSManStackVersion: 3.0
**********************
✅ 找到转换脚本: D:\Repos\Scripts\Convert_to_Mp4_Srt.ps1
==========================================
   文件夹监控已启动
==========================================

📂 监控路径:
   D:\Videos

功能:
   • 视频格式转换 (MP4+H.264)
   • 字幕格式转换 (VTT/ASS/SSA/SUB → SRT)
   • NSFW 内容检测和自动分类
   • NSFW → \\192.168.1.111\data\Scenes
   • 普通 → \\192.168.1.111\data\Movies

支持格式: TS, AVI, MKV, MOV, WMV, FLV, WEBM, MP4, VTT, ASS, SSA, SUB, SRT等
按 Ctrl+C 停止监控

==========================================
   正在扫描已存在的文件...
==========================================

没有找到需要处理的文件

监控已启动，等待文件变化...

轮询间隔: 每 5 分钟

[12:34:42] [监控] 无待处理文件
[12:39:43] [监控] 无待处理文件
[12:44:43] [监控] 无待处理文件
[12:49:43] [监控] 无待处理文件
[12:54:43] [监控] 无待处理文件
[12:59:43] [监控] 无待处理文件
[13:04:44] [监控] 无待处理文件
[13:09:44] [监控] 无待处理文件
[13:14:44] [监控] 无待处理文件
[13:19:44] [监控] 无待处理文件
[13:24:45] [监控] 无待处理文件
[13:29:45] [监控] 无待处理文件
[13:34:45] [监控] 无待处理文件
[13:39:45] [监控] 无待处理文件
[13:44:46] [监控] 无待处理文件
[13:49:46] [监控] 无待处理文件
[13:54:46] [监控] 无待处理文件
[13:59:46] [监控] 无待处理文件
[14:04:46] [监控] 无待处理文件
[14:09:47] [监控] 无待处理文件
[14:14:47] [监控] 无待处理文件
[14:19:47] [监控] 无待处理文件
[14:24:47] [监控] 无待处理文件
[14:29:48] [监控] 无待处理文件
[14:34:48] [监控] 无待处理文件
[14:39:48] [监控] 无待处理文件
[14:44:48] [监控] 无待处理文件
[14:49:49] [监控] 无待处理文件
[14:54:49] [监控] 无待处理文件
[14:59:49] [监控] 无待处理文件
[15:04:49] [监控] 无待处理文件
[15:09:49] [监控] 无待处理文件
[15:14:50] [监控] 无待处理文件
[15:19:50] [监控] 无待处理文件
[15:24:50] [监控] 无待处理文件
[15:29:50] [监控] 无待处理文件
[15:34:51] [监控] 无待处理文件
[15:39:51] [监控] 无待处理文件
[15:44:51] [监控] 无待处理文件
[15:49:51] [监控] 无待处理文件
[15:54:52] [监控] 无待处理文件
[15:59:52] [监控] 无待处理文件
[16:04:52] [监控] 无待处理文件
[16:09:53] [监控] 无待处理文件
[16:14:53] [监控] 无待处理文件
[16:19:53] [监控] 无待处理文件
[16:24:53] [监控] 无待处理文件
[16:29:54] [监控] 无待处理文件
[16:34:54] [监控] 无待处理文件
[16:39:54] [监控] 无待处理文件
[16:44:54] [监控] 无待处理文件
[16:49:55] [监控] 无待处理文件
[16:54:55] [监控] 无待处理文件
[16:59:55] [监控] 无待处理文件
[17:04:55] [监控] 无待处理文件
[17:09:56] [监控] 无待处理文件
[17:14:56] [监控] 无待处理文件
[17:19:56] [监控] 无待处理文件
[17:24:56] [监控] 无待处理文件
[17:29:57] [监控] 无待处理文件
[17:34:57] [监控] 无待处理文件
[17:39:57] [监控] 无待处理文件
[17:44:57] [监控] 无待处理文件
[17:49:58] [监控] 无待处理文件
[17:54:58] [监控] 无待处理文件
[17:59:58] [监控] 无待处理文件
[18:04:58] [监控] 无待处理文件
[18:09:59] [监控] 无待处理文件
[18:14:59] [监控] 无待处理文件
[18:19:59] [监控] 无待处理文件
[18:24:59] [监控] 无待处理文件
[18:30:00] [监控] 无待处理文件
[18:35:00] [监控] 无待处理文件
[18:40:00] [监控] 无待处理文件
[18:45:00] [监控] 无待处理文件
[18:50:01] [监控] 无待处理文件
[18:55:01] [监控] 无待处理文件
[19:00:01] [监控] 无待处理文件
[19:05:01] [监控] 无待处理文件
[19:10:02] [监控] 无待处理文件
[19:15:02] [监控] 无待处理文件
[19:20:02] [监控] 无待处理文件
[19:25:02] [监控] 无待处理文件
[19:30:03] [监控] 无待处理文件
[19:35:03] [监控] 无待处理文件
[19:40:03] [监控] 无待处理文件
[19:45:03] [监控] 无待处理文件
[19:50:04] [监控] 无待处理文件
[19:55:04] [监控] 无待处理文件
[20:00:04] [监控] 无待处理文件
[20:05:04] [监控] 无待处理文件
[20:10:05] [监控] 无待处理文件
[20:15:05] [监控] 无待处理文件
[20:20:05] [监控] 无待处理文件
[20:25:05] [监控] 无待处理文件
[20:30:06] [监控] 无待处理文件
[20:35:06] [监控] 无待处理文件
[20:40:06] [监控] 无待处理文件
[20:45:06] [监控] 无待处理文件
[20:50:07] [监控] 无待处理文件
[20:55:07] [监控] 无待处理文件
[21:00:07] [监控] 无待处理文件
[21:05:08] [监控] 无待处理文件
[21:10:08] [监控] 无待处理文件
[21:15:08] [监控] 无待处理文件
[21:20:08] [监控] 无待处理文件
[21:25:09] [监控] 无待处理文件
[21:30:09] [监控] 无待处理文件
[21:35:09] [监控] 无待处理文件
[21:40:09] [监控] 无待处理文件
[21:45:10] [监控] 无待处理文件
[21:50:10] [监控] 无待处理文件
[21:55:10] [监控] 无待处理文件
[22:00:10] [监控] 无待处理文件
[22:05:11] [监控] 无待处理文件
[22:10:11] [监控] 无待处理文件
[22:15:11] [监控] 无待处理文件
[22:20:11] [监控] 无待处理文件
[22:25:12] [监控] 无待处理文件
[22:30:12] [监控] 无待处理文件
[22:35:12] [监控] 无待处理文件
[22:40:14] [监控] 无待处理文件
[22:45:14] [监控] 无待处理文件
[22:50:15] [监控] 无待处理文件
[22:55:15] [监控] 无待处理文件
[23:00:15] [监控] 无待处理文件
[23:05:15] [监控] 无待处理文件
[23:10:16] [监控] 无待处理文件
[23:15:16] [监控] 无待处理文件
[23:20:16] [监控] 无待处理文件
[23:25:16] [监控] 无待处理文件
[23:30:17] [监控] 无待处理文件
[23:35:17] [监控] 无待处理文件
[23:40:17] [监控] 无待处理文件
[23:45:17] [监控] 无待处理文件
[23:50:18] [监控] 无待处理文件
[23:55:18] [监控] 无待处理文件
[00:00:18] [监控] 无待处理文件
[00:05:18] [监控] 无待处理文件
[00:10:19] [监控] 无待处理文件
[00:15:19] [监控] 无待处理文件
[00:20:19] [监控] 无待处理文件
[00:25:20] [监控] 无待处理文件
[00:30:20] [监控] 无待处理文件
[00:35:20] [监控] 无待处理文件
[00:40:20] [监控] 无待处理文件
[00:45:21] [监控] 无待处理文件
[00:50:21] [监控] 无待处理文件
[00:55:21] [监控] 无待处理文件
[01:00:22] [监控] 无待处理文件
[01:05:22] [监控] 无待处理文件
[01:10:22] [监控] 无待处理文件
[01:15:22] [监控] 无待处理文件
[01:20:23] [监控] 无待处理文件
[01:25:23] [监控] 无待处理文件
[01:30:23] [监控] 无待处理文件
[01:35:23] [监控] 无待处理文件
[01:40:24] [监控] 无待处理文件
[01:45:24] [监控] 无待处理文件
[01:50:24] [监控] 无待处理文件
[01:55:24] [监控] 无待处理文件
[02:00:24] [监控] 无待处理文件
[02:05:25] [监控] 无待处理文件
[02:10:25] [监控] 无待处理文件
[02:15:25] [监控] 无待处理文件
[02:20:25] [监控] 无待处理文件
[02:25:26] [监控] 无待处理文件
[02:30:26] [监控] 无待处理文件
[02:35:26] [监控] 无待处理文件
[02:40:26] [监控] 无待处理文件
[02:45:27] [监控] 无待处理文件
[02:50:27] [监控] 无待处理文件
[02:55:27] [监控] 无待处理文件
[03:00:28] [监控] 无待处理文件
[03:05:28] [监控] 无待处理文件
[03:10:28] [监控] 无待处理文件
[03:15:28] [监控] 无待处理文件
[03:20:29] [监控] 无待处理文件
[03:25:29] [监控] 无待处理文件
[03:30:29] [监控] 无待处理文件
[03:35:29] [监控] 无待处理文件
[03:40:30] [监控] 无待处理文件
[03:45:30] [监控] 无待处理文件
[03:50:30] [监控] 无待处理文件
[03:55:31] [监控] 无待处理文件
[04:00:31] [监控] 无待处理文件
**********************
PowerShell 记录开始
开始时间: 20260915040942
用户名: STATION\Joker
RunAs 用户: STATION\Joker
配置名称: 
计算机: STATION (Microsoft Windows NT 10.0.26200.0)
主机应用程序: C:\Program Files\PowerShell\7\pwsh.dll -NoProfile -ExecutionPolicy Bypass -WindowStyle Hidden -File D:\Repos\Scripts\Watch_Downloads.ps1
进程 ID: 21332
PSVersion: 7.6.6
PSEdition: Core
GitCommitId: 7.6.6
OS: Microsoft Windows 10.0.26200
Platform: Win32NT
PSCompatibleVersions: 1.0, 2.0, 3.0, 4.0, 5.0, 5.1, 6.0, 7.0
PSRemotingProtocolVersion: 2.4
SerializationVersion: 1.1.0.1
WSManStackVersion: 3.0
**********************
✅ 找到转换脚本: D:\Repos\Scripts\Convert_to_Mp4_Srt.ps1
==========================================
   文件夹监控已启动
==========================================

📂 监控路径:
   D:\Videos

功能:
   • 视频格式转换 (MP4+H.264)
   • 字幕格式转换 (VTT/ASS/SSA/SUB → SRT)
   • NSFW 内容检测和自动分类
   • NSFW → \\192.168.1.111\data\Scenes
   • 普通 → \\192.168.1.111\data\Movies

支持格式: TS, AVI, MKV, MOV, WMV, FLV, WEBM, MP4, VTT, ASS, SSA, SUB, SRT等
按 Ctrl+C 停止监控

==========================================
   正在扫描已存在的文件...
==========================================

没有找到需要处理的文件

监控已启动，等待文件变化...

轮询间隔: 每 5 分钟

[04:14:44] [监控] 无待处理文件
[04:19:46] [监控] 无待处理文件
[04:24:46] [监控] 无待处理文件
[04:29:46] [监控] 无待处理文件
[04:34:46] [监控] 无待处理文件
[04:39:47] [监控] 无待处理文件
[04:44:47] [监控] 无待处理文件
[04:49:47] [监控] 无待处理文件
[04:54:47] [监控] 无待处理文件
[04:59:48] [监控] 无待处理文件
[05:04:48] [监控] 无待处理文件
[05:09:48] [监控] 无待处理文件
[05:14:48] [监控] 无待处理文件
[05:19:49] [监控] 无待处理文件
[05:24:49] [监控] 无待处理文件
[05:29:49] [监控] 无待处理文件
[05:34:49] [监控] 无待处理文件
[05:39:50] [监控] 无待处理文件
[05:44:50] [监控] 无待处理文件
[05:49:50] [监控] 无待处理文件
[05:54:50] [监控] 无待处理文件
[05:59:51] [监控] 无待处理文件
[06:04:51] [监控] 无待处理文件
[06:09:51] [监控] 无待处理文件
[06:14:51] [监控] 无待处理文件
[06:19:52] [监控] 无待处理文件
[06:24:52] [监控] 无待处理文件
[06:29:52] [监控] 无待处理文件
[06:34:52] [监控] 无待处理文件
[06:39:53] [监控] 无待处理文件
[06:44:53] [监控] 无待处理文件
[06:49:53] [监控] 无待处理文件
[06:54:53] [监控] 无待处理文件
[06:59:54] [监控] 无待处理文件
[07:04:54] [监控] 无待处理文件
[07:09:54] [监控] 无待处理文件
[07:14:54] [监控] 无待处理文件
[07:19:54] [监控] 无待处理文件
[07:24:55] [监控] 无待处理文件
[07:29:55] [监控] 无待处理文件
[07:34:55] [监控] 无待处理文件
[07:39:55] [监控] 无待处理文件
[07:44:56] [监控] 无待处理文件
[07:49:56] [监控] 无待处理文件
[07:54:56] [监控] 无待处理文件
[07:59:56] [监控] 无待处理文件
[08:04:57] [监控] 无待处理文件
[08:09:57] [监控] 无待处理文件
[08:14:57] [监控] 无待处理文件
[08:19:57] [监控] 无待处理文件
[08:24:58] [监控] 无待处理文件
[08:29:58] [监控] 无待处理文件
[08:34:58] [监控] 无待处理文件
[08:39:58] [监控] 无待处理文件
[08:44:59] [监控] 无待处理文件
[08:49:59] [监控] 无待处理文件
[08:54:59] [监控] 无待处理文件
[08:59:59] [监控] 无待处理文件
[09:05:00] [监控] 无待处理文件
[09:10:00] [监控] 无待处理文件
[09:15:00] [监控] 无待处理文件
[09:20:00] [监控] 无待处理文件
[09:25:01] [监控] 无待处理文件
[09:30:01] [监控] 无待处理文件
[09:35:01] [监控] 无待处理文件
[09:40:02] [监控] 无待处理文件
[09:45:02] [监控] 无待处理文件
[09:50:02] [监控] 无待处理文件
[09:55:03] [监控] 无待处理文件
[10:00:03] [监控] 无待处理文件
[10:05:03] [监控] 无待处理文件
[10:10:03] [监控] 无待处理文件
[10:15:04] [监控] 无待处理文件
[10:20:04] [监控] 无待处理文件
[10:25:04] [监控] 无待处理文件
[10:30:05] [监控] 无待处理文件
[10:35:05] [监控] 无待处理文件
[10:40:06] [监控] 无待处理文件
[10:45:07] [监控] 无待处理文件
[10:50:07] [监控] 无待处理文件
[10:55:07] [监控] 无待处理文件
[11:00:08] [监控] 无待处理文件
[11:05:08] [监控] 无待处理文件
[11:10:08] [监控] 无待处理文件
[11:15:09] [监控] 无待处理文件
[11:20:09] [监控] 无待处理文件
[11:25:09] [监控] 无待处理文件
[11:30:09] [监控] 无待处理文件
[11:35:10] [监控] 无待处理文件
[11:40:10] [监控] 无待处理文件
[11:45:10] [监控] 无待处理文件
[11:50:10] [监控] 无待处理文件
[11:55:11] [监控] 无待处理文件
[12:00:11] [监控] 无待处理文件
[12:05:11] [监控] 无待处理文件
[12:10:11] [监控] 无待处理文件
[12:15:12] [监控] 无待处理文件
[12:20:12] [监控] 无待处理文件
[12:25:12] [监控] 无待处理文件
[12:30:12] [监控] 无待处理文件
[12:35:13] [监控] 无待处理文件
[12:40:13] [监控] 无待处理文件
[12:45:13] [监控] 无待处理文件
[12:50:13] [监控] 无待处理文件
[12:55:13] [监控] 无待处理文件
[13:00:14] [监控] 无待处理文件
[13:05:14] [监控] 无待处理文件
[13:10:14] [监控] 无待处理文件
[13:15:14] [监控] 无待处理文件
[13:20:15] [监控] 无待处理文件
[13:25:15] [监控] 无待处理文件
[13:30:15] [监控] 无待处理文件
[13:35:15] [监控] 无待处理文件
[13:40:16] [监控] 无待处理文件
[13:45:16] [监控] 无待处理文件
[13:50:16] [监控] 无待处理文件
[13:55:16] [监控] 无待处理文件
[14:00:17] [监控] 无待处理文件
[14:05:17] [监控] 无待处理文件
[14:10:17] [监控] 无待处理文件
[14:15:17] [监控] 无待处理文件
[14:20:18] [监控] 无待处理文件
[14:25:18] [监控] 无待处理文件
[14:30:18] [监控] 无待处理文件
[14:35:18] [监控] 无待处理文件
[14:40:19] [监控] 无待处理文件
[14:45:19] [监控] 无待处理文件
[14:50:19] [监控] 无待处理文件
[14:55:19] [监控] 无待处理文件
[15:00:20] [监控] 无待处理文件
[15:05:20] [监控] 无待处理文件
[15:10:20] [监控] 无待处理文件
[15:15:20] [监控] 无待处理文件
[15:20:21] [监控] 无待处理文件
[15:25:21] [监控] 无待处理文件
[15:30:21] [监控] 无待处理文件
[15:35:21] [监控] 无待处理文件
[15:40:22] [监控] 无待处理文件
[15:45:22] [监控] 无待处理文件
[15:50:22] [监控] 无待处理文件
[15:55:22] [监控] 无待处理文件
[16:00:23] [监控] 无待处理文件
[16:05:23] [监控] 无待处理文件
[16:10:23] [监控] 无待处理文件
[16:15:23] [监控] 无待处理文件
[16:20:24] [监控] 无待处理文件
[16:25:24] [监控] 无待处理文件
[16:30:24] [监控] 无待处理文件
[16:35:24] [监控] 无待处理文件
[16:40:25] [监控] 无待处理文件
[16:45:25] [监控] 无待处理文件
[16:50:25] [监控] 无待处理文件
[16:55:25] [监控] 无待处理文件
[17:00:26] [监控] 无待处理文件
[17:05:26] [监控] 无待处理文件
[17:10:26] [监控] 无待处理文件
[17:15:26] [监控] 无待处理文件
[17:20:27] [监控] 无待处理文件
[17:25:27] [监控] 无待处理文件
[17:30:27] [监控] 无待处理文件
[17:35:27] [监控] 无待处理文件
[17:40:28] [监控] 无待处理文件
[17:45:28] [监控] 无待处理文件
[17:50:28] [监控] 无待处理文件
[17:55:28] [监控] 无待处理文件
[18:00:28] [监控] 无待处理文件
[18:05:29] [监控] 无待处理文件
[18:10:29] [监控] 无待处理文件
[18:15:29] [监控] 无待处理文件
[18:20:29] [监控] 无待处理文件
[18:25:30] [监控] 无待处理文件
[18:30:30] [监控] 无待处理文件
[18:35:30] [监控] 无待处理文件
[18:40:30] [监控] 无待处理文件
[18:45:31] [监控] 无待处理文件
[18:50:31] [监控] 无待处理文件
[18:55:31] [监控] 无待处理文件
[19:00:31] [监控] 无待处理文件
[19:05:32] [监控] 无待处理文件
[19:10:32] [监控] 无待处理文件
[19:15:32] [监控] 无待处理文件
[19:20:32] [监控] 无待处理文件
[19:25:33] [监控] 无待处理文件
[19:30:33] [监控] 无待处理文件
[19:35:33] [监控] 无待处理文件
[19:40:33] [监控] 无待处理文件
[19:45:34] [监控] 无待处理文件
[19:50:34] [监控] 无待处理文件
[19:55:34] [监控] 无待处理文件
[20:00:34] [监控] 无待处理文件
[20:05:34] [监控] 无待处理文件
[20:10:35] [监控] 无待处理文件
[20:15:35] [监控] 无待处理文件
[20:20:35] [监控] 无待处理文件
[20:25:35] [监控] 无待处理文件
[20:30:36] [监控] 无待处理文件
[20:35:36] [监控] 无待处理文件
[20:40:36] [监控] 无待处理文件
[20:45:36] [监控] 无待处理文件
[20:50:37] [监控] 无待处理文件
[20:55:37] [监控] 无待处理文件
[21:00:37] [监控] 无待处理文件
[21:05:37] [监控] 无待处理文件
[21:10:38] [监控] 无待处理文件
[21:15:38] [监控] 无待处理文件
[21:20:38] [监控] 无待处理文件
[21:25:38] [监控] 无待处理文件
[21:30:39] [监控] 无待处理文件
[21:35:39] [监控] 无待处理文件
[21:40:39] [监控] 无待处理文件
[21:45:39] [监控] 无待处理文件
[21:50:40] [监控] 无待处理文件
[21:55:40] [监控] 无待处理文件
[22:00:40] [监控] 无待处理文件
[22:05:40] [监控] 无待处理文件
[22:10:41] [监控] 无待处理文件
[22:15:41] [监控] 无待处理文件
[22:20:41] [监控] 无待处理文件
[22:25:41] [监控] 无待处理文件
[22:30:42] [监控] 无待处理文件
[22:35:42] [监控] 无待处理文件
[22:40:42] [监控] 无待处理文件
[22:45:43] [监控] 无待处理文件
[22:50:43] [监控] 无待处理文件
[22:55:43] [监控] 无待处理文件
[23:00:43] [监控] 无待处理文件
[23:05:44] [监控] 无待处理文件
[23:10:44] [监控] 无待处理文件
[23:15:44] [监控] 无待处理文件
[23:20:44] [监控] 无待处理文件
[23:25:45] [监控] 无待处理文件
[23:30:45] [监控] 无待处理文件
[23:35:45] [监控] 无待处理文件
[23:40:46] [监控] 无待处理文件
[23:45:46] [监控] 无待处理文件
[23:50:46] [监控] 无待处理文件
[23:55:46] [监控] 无待处理文件
[00:00:47] [监控] 无待处理文件
[00:05:47] [监控] 无待处理文件
[00:10:47] [监控] 无待处理文件
[00:15:48] [监控] 无待处理文件
[00:20:48] [监控] 无待处理文件
[00:25:48] [监控] 无待处理文件
[00:30:49] [监控] 无待处理文件
[00:35:49] [监控] 无待处理文件
[00:40:49] [监控] 无待处理文件
[00:45:49] [监控] 无待处理文件
[00:50:50] [监控] 无待处理文件
[00:55:50] [监控] 无待处理文件
[01:00:50] [监控] 无待处理文件
[01:05:51] [监控] 无待处理文件
[01:10:51] [监控] 无待处理文件
[01:15:51] [监控] 无待处理文件
[01:20:52] [监控] 无待处理文件
[01:25:52] [监控] 无待处理文件
[01:30:52] [监控] 无待处理文件
[01:35:53] [监控] 无待处理文件
[01:40:53] [监控] 无待处理文件
[01:45:53] [监控] 无待处理文件
[01:50:53] [监控] 无待处理文件
[01:55:54] [监控] 无待处理文件
[02:00:54] [监控] 无待处理文件
[02:05:54] [监控] 无待处理文件
[02:10:54] [监控] 无待处理文件
[02:15:55] [监控] 无待处理文件
[02:20:55] [监控] 无待处理文件
[02:25:55] [监控] 无待处理文件
[02:30:55] [监控] 无待处理文件
[02:35:56] [监控] 无待处理文件
[02:40:56] [监控] 无待处理文件
[02:45:56] [监控] 无待处理文件
[02:50:56] [监控] 无待处理文件
[02:55:57] [监控] 无待处理文件
[03:00:57] [监控] 无待处理文件
[03:05:57] [监控] 无待处理文件
[03:10:57] [监控] 无待处理文件
[03:15:58] [监控] 无待处理文件
[03:20:58] [监控] 无待处理文件
[03:25:58] [监控] 无待处理文件
[03:30:58] [监控] 无待处理文件
[03:35:58] [监控] 无待处理文件
[03:40:59] [监控] 无待处理文件
[03:45:59] [监控] 无待处理文件
[03:50:59] [监控] 无待处理文件
[03:55:59] [监控] 无待处理文件
[04:01:00] [监控] 无待处理文件
[04:06:00] [监控] 无待处理文件
[04:11:00] [监控] 无待处理文件
[04:16:00] [监控] 无待处理文件
[04:21:01] [监控] 无待处理文件
[04:26:01] [监控] 无待处理文件
[04:31:01] [监控] 无待处理文件
[04:36:01] [监控] 无待处理文件
[04:41:02] [监控] 无待处理文件
[04:46:02] [监控] 无待处理文件
[04:51:02] [监控] 无待处理文件
[04:56:03] [监控] 无待处理文件
[05:01:03] [监控] 无待处理文件
[05:06:03] [监控] 无待处理文件
[05:11:03] [监控] 无待处理文件
[05:16:04] [监控] 无待处理文件
[05:21:04] [监控] 无待处理文件
[05:26:04] [监控] 无待处理文件
[05:31:05] [监控] 无待处理文件
[05:36:05] [监控] 无待处理文件
[05:41:05] [监控] 无待处理文件
[05:46:05] [监控] 无待处理文件
[05:51:06] [监控] 无待处理文件
[05:56:06] [监控] 无待处理文件
[06:01:06] [监控] 无待处理文件
[06:06:06] [监控] 无待处理文件
[06:11:07] [监控] 无待处理文件
[06:16:07] [监控] 无待处理文件
[06:21:07] [监控] 无待处理文件
[06:26:07] [监控] 无待处理文件
[06:31:08] [监控] 无待处理文件
[06:36:08] [监控] 无待处理文件
[06:41:08] [监控] 无待处理文件
[06:46:08] [监控] 无待处理文件
[06:51:09] [监控] 无待处理文件
[06:56:09] [监控] 无待处理文件
[07:01:09] [监控] 无待处理文件
[07:06:09] [监控] 无待处理文件
[07:11:10] [监控] 无待处理文件
[07:16:10] [监控] 无待处理文件
[07:21:10] [监控] 无待处理文件
[07:26:10] [监控] 无待处理文件
[07:31:11] [监控] 无待处理文件
[07:36:11] [监控] 无待处理文件
[07:41:11] [监控] 无待处理文件
[07:46:12] [监控] 无待处理文件
[07:51:12] [监控] 无待处理文件
[07:56:12] [监控] 无待处理文件
[08:01:12] [监控] 无待处理文件
[08:06:13] [监控] 无待处理文件
[08:11:13] [监控] 无待处理文件
[08:16:13] [监控] 无待处理文件
[08:21:13] [监控] 无待处理文件
[08:26:13] [监控] 无待处理文件
[08:31:14] [监控] 无待处理文件
[08:36:14] [监控] 无待处理文件
[08:41:14] [监控] 无待处理文件
[08:46:14] [监控] 无待处理文件
[08:51:15] [监控] 无待处理文件
[08:56:15] [监控] 无待处理文件
[09:01:15] [监控] 无待处理文件
[09:06:16] [监控] 无待处理文件
[09:11:16] [监控] 无待处理文件
[09:16:16] [监控] 无待处理文件
[09:21:16] [监控] 无待处理文件
[09:26:17] [监控] 无待处理文件
[09:31:17] [监控] 无待处理文件
[09:36:17] [监控] 无待处理文件
[09:41:17] [监控] 无待处理文件
[09:46:17] [监控] 无待处理文件
[09:51:18] [监控] 无待处理文件
[09:56:18] [监控] 无待处理文件
[10:01:18] [监控] 无待处理文件
[10:06:18] [监控] 无待处理文件
[10:11:19] [监控] 无待处理文件
[10:16:19] [监控] 无待处理文件
[10:21:19] [监控] 无待处理文件
[10:26:19] [监控] 无待处理文件
[10:31:20] [监控] 无待处理文件
[10:36:20] [监控] 无待处理文件
[10:41:20] [监控] 无待处理文件
[10:46:20] [监控] 无待处理文件
[10:51:21] [监控] 无待处理文件
[10:56:23] [监控] 无待处理文件
[11:01:24] [监控] 无待处理文件
[11:06:24] [监控] 无待处理文件
[11:11:24] [监控] 无待处理文件
[11:16:24] [监控] 无待处理文件
[11:21:25] [监控] 无待处理文件
[11:26:25] [监控] 无待处理文件
[11:31:25] [监控] 无待处理文件
[11:36:25] [监控] 无待处理文件
[11:41:26] [监控] 无待处理文件
[11:46:26] [监控] 无待处理文件
[11:51:26] [监控] 无待处理文件
[11:56:26] [监控] 无待处理文件
[12:01:27] [监控] 无待处理文件
[12:06:27] [监控] 无待处理文件
[12:11:27] [监控] 无待处理文件
[12:16:27] [监控] 无待处理文件
[12:21:27] [监控] 无待处理文件
[12:26:28] [监控] 无待处理文件
[12:31:28] [监控] 无待处理文件
[12:36:28] [监控] 无待处理文件
[12:41:28] [监控] 无待处理文件
[12:46:29] [监控] 无待处理文件
[12:51:29] [监控] 无待处理文件
[12:56:29] [监控] 无待处理文件
[13:01:29] [监控] 无待处理文件
[13:06:30] [监控] 无待处理文件
[13:11:30] [监控] 无待处理文件
[13:16:30] [监控] 无待处理文件
[13:21:30] [监控] 无待处理文件
[13:26:31] [监控] 无待处理文件
[13:31:31] [监控] 无待处理文件
[13:36:31] [监控] 无待处理文件
[13:41:31] [监控] 无待处理文件
[13:46:32] [监控] 无待处理文件
[13:51:32] [监控] 无待处理文件
[13:56:32] [监控] 无待处理文件
[14:01:32] [监控] 无待处理文件
[14:06:33] [监控] 无待处理文件
[14:11:33] [监控] 无待处理文件
[14:16:33] [监控] 无待处理文件
[14:21:33] [监控] 无待处理文件
[14:26:34] [监控] 无待处理文件
[14:31:34] [监控] 无待处理文件
[14:36:34] [监控] 无待处理文件
[14:41:34] [监控] 无待处理文件
[14:46:35] [监控] 无待处理文件
[14:51:35] [监控] 无待处理文件
[14:56:35] [监控] 无待处理文件
[15:01:35] [监控] 无待处理文件
[15:06:36] [监控] 无待处理文件
[15:11:36] [监控] 无待处理文件
[15:16:36] [监控] 无待处理文件
[15:21:36] [监控] 无待处理文件
[15:26:37] [监控] 无待处理文件
[15:31:37] [监控] 无待处理文件
[15:36:37] [监控] 无待处理文件
[15:41:37] [监控] 无待处理文件
[15:46:38] [监控] 无待处理文件
[15:51:38] [监控] 无待处理文件
[15:56:38] [监控] 无待处理文件
[16:01:38] [监控] 无待处理文件
[16:06:39] [监控] 无待处理文件
[16:11:39] [监控] 无待处理文件
[16:16:39] [监控] 无待处理文件
[16:21:39] [监控] 无待处理文件
[16:26:40] [监控] 无待处理文件
[16:31:40] [监控] 无待处理文件
[16:36:40] [监控] 无待处理文件
[16:41:40] [监控] 无待处理文件
[16:46:41] [监控] 无待处理文件
[16:51:41] [监控] 无待处理文件
[16:56:41] [监控] 无待处理文件
[17:01:41] [监控] 无待处理文件
[17:06:42] [监控] 无待处理文件
[17:11:42] [监控] 无待处理文件
[17:16:42] [监控] 无待处理文件
[17:21:43] [监控] 无待处理文件
[17:26:43] [监控] 无待处理文件
[17:31:43] [监控] 无待处理文件
[17:36:43] [监控] 无待处理文件
[17:41:44] [监控] 无待处理文件
[17:46:44] [监控] 无待处理文件
[17:51:44] [监控] 无待处理文件
[17:56:44] [监控] 无待处理文件
[18:01:45] [监控] 无待处理文件
[18:06:45] [监控] 无待处理文件
[18:11:45] [监控] 无待处理文件
[18:16:45] [监控] 无待处理文件
[18:21:46] [监控] 无待处理文件
[18:26:46] [监控] 无待处理文件
[18:31:46] [监控] 无待处理文件
[18:36:46] [监控] 无待处理文件
[18:41:47] [监控] 无待处理文件
[18:46:47] [监控] 无待处理文件
[18:51:47] [监控] 无待处理文件
[18:56:47] [监控] 无待处理文件
[19:01:48] [监控] 无待处理文件
[19:06:48] [监控] 无待处理文件
[19:11:48] [监控] 无待处理文件
[19:16:48] [监控] 无待处理文件
[19:21:49] [监控] 无待处理文件
[19:26:49] [监控] 无待处理文件
[19:31:49] [监控] 无待处理文件
[19:36:49] [监控] 无待处理文件
[19:41:50] [监控] 无待处理文件
[19:46:50] [监控] 无待处理文件
[19:51:50] [监控] 无待处理文件
[19:56:50] [监控] 无待处理文件
[20:01:51] [监控] 无待处理文件
[20:06:51] [监控] 无待处理文件
[20:11:51] [监控] 无待处理文件
[20:16:51] [监控] 无待处理文件
[20:21:52] [监控] 无待处理文件
[20:26:52] [监控] 无待处理文件
[20:31:52] [监控] 无待处理文件
[20:36:52] [监控] 无待处理文件
[20:41:53] [监控] 无待处理文件
[20:46:53] [监控] 无待处理文件
[20:51:53] [监控] 无待处理文件
[20:56:53] [监控] 无待处理文件
[21:01:53] [监控] 无待处理文件
[21:06:54] [监控] 无待处理文件
[21:11:54] [监控] 无待处理文件
[21:16:54] [监控] 无待处理文件
[21:21:54] [监控] 无待处理文件
[21:26:55] [监控] 无待处理文件
[21:31:55] [监控] 无待处理文件
[21:36:55] [监控] 无待处理文件
[21:41:55] [监控] 无待处理文件
[21:46:55] [监控] 无待处理文件
[21:51:56] [监控] 无待处理文件
[21:56:56] [监控] 无待处理文件
[22:01:56] [监控] 无待处理文件
[22:06:56] [监控] 无待处理文件
[22:11:57] [监控] 无待处理文件
[22:16:57] [监控] 无待处理文件
[22:21:57] [监控] 无待处理文件
[22:26:57] [监控] 无待处理文件
**********************
PowerShell 记录开始
开始时间: 20260916232449
用户名: STATION\Joker
RunAs 用户: STATION\Joker
配置名称: 
计算机: STATION (Microsoft Windows NT 10.0.26200.0)
主机应用程序: C:\Program Files\PowerShell\7\pwsh.dll -NoProfile -ExecutionPolicy Bypass -WindowStyle Hidden -File D:\Repos\Scripts\Watch_Downloads.ps1
进程 ID: 7760
PSVersion: 7.6.6
PSEdition: Core
GitCommitId: 7.6.6
OS: Microsoft Windows 10.0.26200
Platform: Win32NT
PSCompatibleVersions: 1.0, 2.0, 3.0, 4.0, 5.0, 5.1, 6.0, 7.0
PSRemotingProtocolVersion: 2.4
SerializationVersion: 1.1.0.1
WSManStackVersion: 3.0
**********************
✅ 找到转换脚本: D:\Repos\Scripts\Convert_to_Mp4_Srt.ps1
==========================================
   文件夹监控已启动
==========================================

📂 监控路径:
   D:\Videos

功能:
   • 视频格式转换 (MP4+H.264)
   • 字幕格式转换 (VTT/ASS/SSA/SUB → SRT)
   • NSFW 内容检测和自动分类
   • NSFW → \\192.168.1.111\data\Scenes
   • 普通 → \\192.168.1.111\data\Movies

支持格式: TS, AVI, MKV, MOV, WMV, FLV, WEBM, MP4, VTT, ASS, SSA, SUB, SRT等
按 Ctrl+C 停止监控

==========================================
   正在扫描已存在的文件...
==========================================

没有找到需要处理的文件

监控已启动，等待文件变化...

轮询间隔: 每 5 分钟

[23:29:51] [监控] 无待处理文件
[23:34:51] [监控] 无待处理文件
[23:39:51] [监控] 无待处理文件
[23:44:52] [监控] 无待处理文件
[23:49:52] [监控] 无待处理文件
[23:54:52] [监控] 无待处理文件
[23:59:52] [监控] 无待处理文件
[00:04:53] [监控] 无待处理文件
[00:09:53] [监控] 无待处理文件
[00:14:53] [监控] 无待处理文件
[00:19:53] [监控] 无待处理文件
[00:24:54] [监控] 无待处理文件
[00:29:54] [监控] 无待处理文件
[00:34:54] [监控] 无待处理文件
[00:39:54] [监控] 无待处理文件
[00:44:55] [监控] 无待处理文件
[00:49:55] [监控] 无待处理文件
[00:54:55] [监控] 无待处理文件
[00:59:56] [监控] 无待处理文件
[01:04:56] [监控] 无待处理文件
[01:09:56] [监控] 无待处理文件
[01:14:56] [监控] 无待处理文件
[01:19:57] [监控] 无待处理文件
[01:24:57] [监控] 无待处理文件
[01:29:57] [监控] 无待处理文件
[01:34:58] [监控] 无待处理文件
[01:39:58] [监控] 无待处理文件
[01:44:58] [监控] 无待处理文件
[01:49:58] [监控] 无待处理文件
[01:54:58] [监控] 无待处理文件
[01:59:59] [监控] 无待处理文件
[02:04:59] [监控] 无待处理文件
[02:09:59] [监控] 无待处理文件
[02:15:00] [监控] 无待处理文件
[02:20:00] [监控] 无待处理文件
[02:25:01] [监控] 无待处理文件
[02:30:01] [监控] 无待处理文件
[02:35:01] [监控] 无待处理文件
[02:40:01] [监控] 无待处理文件
[02:45:02] [监控] 无待处理文件
[02:50:02] [监控] 无待处理文件
[02:55:02] [监控] 无待处理文件
[03:00:02] [监控] 无待处理文件
[03:05:03] [监控] 无待处理文件
[03:10:03] [监控] 无待处理文件
[03:15:03] [监控] 无待处理文件
[03:20:03] [监控] 无待处理文件
[03:25:04] [监控] 无待处理文件
[03:30:04] [监控] 无待处理文件
[03:35:04] [监控] 无待处理文件
[03:40:04] [监控] 无待处理文件
[03:45:05] [监控] 无待处理文件
[03:50:05] [监控] 无待处理文件
[03:55:05] [监控] 无待处理文件
[04:00:05] [监控] 无待处理文件
[04:05:06] [监控] 无待处理文件
[04:10:06] [监控] 无待处理文件
[04:15:06] [监控] 无待处理文件
[04:20:06] [监控] 无待处理文件
[04:25:07] [监控] 无待处理文件
[04:30:07] [监控] 无待处理文件
[04:35:07] [监控] 无待处理文件
[04:40:08] [监控] 无待处理文件
[04:45:08] [监控] 无待处理文件
[04:50:08] [监控] 无待处理文件
[04:55:08] [监控] 无待处理文件
[05:00:09] [监控] 无待处理文件
[05:05:09] [监控] 无待处理文件
[05:10:09] [监控] 无待处理文件
[05:15:09] [监控] 无待处理文件
[05:20:10] [监控] 无待处理文件
[05:25:10] [监控] 无待处理文件
[05:30:10] [监控] 无待处理文件
[05:35:11] [监控] 无待处理文件
[05:40:11] [监控] 无待处理文件
[05:45:11] [监控] 无待处理文件
[05:50:11] [监控] 无待处理文件
[05:55:12] [监控] 无待处理文件
[06:00:12] [监控] 无待处理文件
[06:05:12] [监控] 无待处理文件
[06:10:12] [监控] 无待处理文件
[06:15:13] [监控] 无待处理文件
[06:20:13] [监控] 无待处理文件
[06:25:13] [监控] 无待处理文件
[06:30:13] [监控] 无待处理文件
[06:35:14] [监控] 无待处理文件
[06:40:14] [监控] 无待处理文件
[06:45:14] [监控] 无待处理文件
[06:50:15] [监控] 无待处理文件
[06:55:15] [监控] 无待处理文件
[07:00:15] [监控] 无待处理文件
[07:05:15] [监控] 无待处理文件
[07:10:16] [监控] 无待处理文件
[07:15:16] [监控] 无待处理文件
[07:20:16] [监控] 无待处理文件
[07:25:16] [监控] 无待处理文件
[07:30:17] [监控] 无待处理文件
[07:35:17] [监控] 无待处理文件
**********************
PowerShell 记录开始
开始时间: 20260917073934
用户名: STATION\Joker
RunAs 用户: STATION\Joker
配置名称: 
计算机: STATION (Microsoft Windows NT 10.0.26200.0)
主机应用程序: C:\Program Files\PowerShell\7\pwsh.dll -NoProfile -ExecutionPolicy Bypass -WindowStyle Hidden -File D:\Repos\Scripts\Watch_Downloads.ps1
进程 ID: 27456
PSVersion: 7.6.6
PSEdition: Core
GitCommitId: 7.6.6
OS: Microsoft Windows 10.0.26200
Platform: Win32NT
PSCompatibleVersions: 1.0, 2.0, 3.0, 4.0, 5.0, 5.1, 6.0, 7.0
PSRemotingProtocolVersion: 2.4
SerializationVersion: 1.1.0.1
WSManStackVersion: 3.0
**********************
✅ 找到转换脚本: D:\Repos\Scripts\Convert_to_Mp4_Srt.ps1
==========================================
   文件夹监控已启动
==========================================

📂 监控路径:
   D:\Videos

功能:
   • 视频格式转换 (MP4+H.264)
   • 字幕格式转换 (VTT/ASS/SSA/SUB → SRT)
   • NSFW 内容检测和自动分类
   • NSFW → \\192.168.1.111\data\Scenes
   • 普通 → \\192.168.1.111\data\Movies

支持格式: TS, AVI, MKV, MOV, WMV, FLV, WEBM, MP4, VTT, ASS, SSA, SUB, SRT等
按 Ctrl+C 停止监控

==========================================
   正在扫描已存在的文件...
==========================================

没有找到需要处理的文件

监控已启动，等待文件变化...

轮询间隔: 每 5 分钟

[07:44:51] [监控] 无待处理文件
[07:49:51] [监控] 无待处理文件
[07:54:52] [监控] 无待处理文件
[07:59:52] [监控] 无待处理文件
[08:04:52] [监控] 无待处理文件
[08:09:52] [监控] 无待处理文件
[08:14:53] [监控] 无待处理文件
[08:19:53] [监控] 无待处理文件
[08:24:53] [监控] 无待处理文件
[08:29:53] [监控] 无待处理文件
[08:34:54] [监控] 无待处理文件
[08:39:54] [监控] 无待处理文件
[08:44:54] [监控] 无待处理文件
[08:49:54] [监控] 无待处理文件
[08:54:55] [监控] 无待处理文件
[08:59:55] [监控] 无待处理文件
[09:04:56] [监控] 无待处理文件
[09:09:57] [监控] 无待处理文件
[09:14:58] [监控] 无待处理文件
[09:19:58] [监控] 无待处理文件
[09:24:58] [监控] 无待处理文件
[09:29:59] [监控] 无待处理文件
[09:34:59] [监控] 无待处理文件
[09:39:59] [监控] 无待处理文件
[09:44:59] [监控] 无待处理文件
[09:50:00] [监控] 无待处理文件
[09:55:00] [监控] 无待处理文件
[10:00:00] [监控] 无待处理文件
[10:05:00] [监控] 无待处理文件
[10:10:01] [监控] 无待处理文件
[10:15:01] [监控] 无待处理文件
[10:20:01] [监控] 无待处理文件
[10:25:01] [监控] 无待处理文件
[10:30:01] [监控] 无待处理文件
[10:35:02] [监控] 无待处理文件
[10:40:02] [监控] 无待处理文件
[10:45:02] [监控] 无待处理文件
[10:50:03] [监控] 无待处理文件
[10:55:03] [监控] 无待处理文件
[11:00:03] [监控] 无待处理文件
[11:05:03] [监控] 无待处理文件
[11:10:04] [监控] 无待处理文件
[11:15:04] [监控] 无待处理文件
[11:20:04] [监控] 无待处理文件
[11:25:04] [监控] 无待处理文件
[11:30:04] [监控] 无待处理文件
[11:35:05] [监控] 无待处理文件
[11:40:05] [监控] 无待处理文件
[11:45:05] [监控] 无待处理文件
[11:50:05] [监控] 无待处理文件
[11:55:06] [监控] 无待处理文件
[12:00:06] [监控] 无待处理文件
[12:05:06] [监控] 无待处理文件
[12:10:06] [监控] 无待处理文件
[12:15:07] [监控] 无待处理文件
[12:20:07] [监控] 无待处理文件
[12:25:07] [监控] 无待处理文件
[12:30:07] [监控] 无待处理文件
[12:35:08] [监控] 无待处理文件
[12:40:08] [监控] 无待处理文件
[12:45:08] [监控] 无待处理文件
[12:50:08] [监控] 无待处理文件
[12:55:08] [监控] 无待处理文件
[13:00:09] [监控] 无待处理文件
[13:05:09] [监控] 无待处理文件
[13:10:09] [监控] 无待处理文件
[13:15:09] [监控] 无待处理文件
[13:20:10] [监控] 无待处理文件
[13:25:10] [监控] 无待处理文件
[13:30:10] [监控] 无待处理文件
[13:35:10] [监控] 无待处理文件
[13:40:10] [监控] 无待处理文件
[13:45:11] [监控] 无待处理文件
[13:50:11] [监控] 无待处理文件
[13:55:11] [监控] 无待处理文件
[14:00:11] [监控] 无待处理文件
[14:05:12] [监控] 无待处理文件
[14:10:12] [监控] 无待处理文件
[14:15:12] [监控] 无待处理文件
[14:20:12] [监控] 无待处理文件
[14:25:13] [监控] 无待处理文件
[14:30:13] [监控] 无待处理文件
[14:35:13] [监控] 无待处理文件
[14:40:13] [监控] 无待处理文件
[14:45:14] [监控] 无待处理文件
[14:50:14] [监控] 无待处理文件
[14:55:14] [监控] 无待处理文件
[15:00:14] [监控] 无待处理文件
[15:05:14] [监控] 无待处理文件
[15:10:15] [监控] 无待处理文件
[15:15:15] [监控] 无待处理文件
[15:20:15] [监控] 无待处理文件
[15:25:15] [监控] 无待处理文件
[15:30:16] [监控] 无待处理文件
[15:35:16] [监控] 无待处理文件
[15:40:16] [监控] 无待处理文件
[15:45:16] [监控] 无待处理文件
[15:50:17] [监控] 无待处理文件
[15:55:17] [监控] 无待处理文件
[16:00:17] [监控] 无待处理文件
[16:05:17] [监控] 无待处理文件
[16:10:18] [监控] 无待处理文件
[16:15:18] [监控] 无待处理文件
[16:20:18] [监控] 无待处理文件
[16:25:18] [监控] 无待处理文件
[16:30:19] [监控] 无待处理文件
[16:35:19] [监控] 无待处理文件
[16:40:19] [监控] 无待处理文件
[16:45:19] [监控] 无待处理文件
[16:50:20] [监控] 无待处理文件
[16:55:20] [监控] 无待处理文件
[17:00:20] [监控] 无待处理文件
[17:05:20] [监控] 无待处理文件
[17:10:21] [监控] 无待处理文件
[17:15:21] [监控] 无待处理文件
[17:20:21] [监控] 无待处理文件
[17:25:21] [监控] 无待处理文件
[17:30:22] [监控] 无待处理文件
[17:35:22] [监控] 无待处理文件
[17:40:22] [监控] 无待处理文件
[17:45:22] [监控] 无待处理文件
[17:50:23] [监控] 无待处理文件
[17:55:23] [监控] 无待处理文件
[18:00:23] [监控] 无待处理文件
[18:05:23] [监控] 无待处理文件
[18:10:24] [监控] 无待处理文件
[18:15:24] [监控] 无待处理文件
[18:20:24] [监控] 无待处理文件
[18:25:24] [监控] 无待处理文件
[18:30:25] [监控] 无待处理文件
[18:35:25] [监控] 无待处理文件
[18:40:25] [监控] 无待处理文件
[18:45:25] [监控] 无待处理文件
[18:50:26] [监控] 无待处理文件
[18:55:26] [监控] 无待处理文件
[19:00:26] [监控] 无待处理文件
[19:05:26] [监控] 无待处理文件
[19:10:27] [监控] 无待处理文件
[19:15:27] [监控] 无待处理文件
[19:20:27] [监控] 无待处理文件
[19:25:27] [监控] 无待处理文件
[19:30:27] [监控] 无待处理文件
[19:35:28] [监控] 无待处理文件
[19:40:28] [监控] 无待处理文件
[19:45:28] [监控] 无待处理文件
[19:50:28] [监控] 无待处理文件
[19:55:29] [监控] 无待处理文件
[20:00:29] [监控] 无待处理文件
[20:05:29] [监控] 无待处理文件
[20:10:29] [监控] 无待处理文件
[20:15:30] [监控] 无待处理文件
[20:20:30] [监控] 无待处理文件
[20:25:30] [监控] 无待处理文件
[20:30:30] [监控] 无待处理文件
[20:35:30] [监控] 无待处理文件
[20:40:31] [监控] 无待处理文件
[20:45:31] [监控] 无待处理文件
[20:50:31] [监控] 无待处理文件
[20:55:31] [监控] 无待处理文件
[21:00:32] [监控] 无待处理文件
[21:05:32] [监控] 无待处理文件
[21:10:32] [监控] 无待处理文件
[21:15:32] [监控] 无待处理文件
[21:20:33] [监控] 无待处理文件
[21:25:33] [监控] 无待处理文件
[21:30:33] [监控] 无待处理文件
[21:35:33] [监控] 无待处理文件
[21:40:34] [监控] 无待处理文件
[21:45:34] [监控] 无待处理文件
[21:50:34] [监控] 无待处理文件
[21:55:34] [监控] 无待处理文件
[22:00:35] [监控] 无待处理文件
[22:05:35] [监控] 无待处理文件
[22:10:35] [监控] 无待处理文件
[22:15:35] [监控] 无待处理文件
[22:20:36] [监控] 无待处理文件
[22:25:36] [监控] 无待处理文件
[22:30:36] [监控] 无待处理文件
[22:35:36] [监控] 无待处理文件
[22:40:37] [监控] 无待处理文件
[22:45:37] [监控] 无待处理文件
[22:50:37] [监控] 无待处理文件
[22:55:37] [监控] 无待处理文件
[23:00:38] [监控] 无待处理文件
[23:05:38] [监控] 无待处理文件
[23:10:38] [监控] 无待处理文件
[23:15:38] [监控] 无待处理文件
[23:20:39] [监控] 无待处理文件
[23:25:39] [监控] 无待处理文件
[23:30:39] [监控] 无待处理文件
[23:35:39] [监控] 无待处理文件
[23:40:39] [监控] 无待处理文件
[23:45:40] [监控] 无待处理文件
[23:50:40] [监控] 无待处理文件
[23:55:40] [监控] 无待处理文件
[00:00:40] [监控] 无待处理文件
[00:05:41] [监控] 无待处理文件
[00:10:41] [监控] 无待处理文件
[00:15:41] [监控] 无待处理文件
[00:20:41] [监控] 无待处理文件
[00:25:42] [监控] 无待处理文件
[00:30:42] [监控] 无待处理文件
[00:35:42] [监控] 无待处理文件
[00:40:42] [监控] 无待处理文件
[00:45:43] [监控] 无待处理文件
[00:50:43] [监控] 无待处理文件
[00:55:43] [监控] 无待处理文件
[01:00:44] [监控] 无待处理文件
[01:05:44] [监控] 无待处理文件
[01:10:44] [监控] 无待处理文件
[01:15:44] [监控] 无待处理文件
[01:20:45] [监控] 无待处理文件
[01:25:45] [监控] 无待处理文件
[01:30:45] [监控] 无待处理文件
[01:35:45] [监控] 无待处理文件
[01:40:46] [监控] 无待处理文件
[01:45:46] [监控] 无待处理文件
[01:50:46] [监控] 无待处理文件
[01:55:27] [跳过] 文件被占用，稍后重试: poolside-sneaky-fuck_1080p.mp4 - filester.me.mp4
[02:00:27] [处理] 发现文件: poolside-sneaky-fuck_1080p.mp4 - filester.me.mp4 (D:\Videos)
  🔊 音频响度标准化: poolside-sneaky-fuck_1080p.mp4 - filester.me.mp4
  📏 第一遍：测量音频响度...
  🔊 第二遍：应用响度标准化 (输入 -33.73 LUFS → -16 LUFS)...
  🔍 校验输出音轨...
  ✅ 音频标准化完成
  🔍 正在进行 NSFW 检测...
  🔞 检测结果: NSFW (置信度: 0.7929)
  📁 目标: Scenes (NSFW)
  ✅ 已移动
[02:11:24] [监控] 无待处理文件
[02:16:25] [监控] 无待处理文件
[02:21:26] [监控] 无待处理文件
[02:26:26] [监控] 无待处理文件
[02:31:27] [监控] 无待处理文件
[02:36:27] [监控] 无待处理文件
[02:41:27] [监控] 无待处理文件
[02:46:28] [监控] 无待处理文件
[02:51:28] [监控] 无待处理文件
[02:56:28] [监控] 无待处理文件
[03:01:29] [监控] 无待处理文件
[03:06:29] [监控] 无待处理文件
[03:11:29] [监控] 无待处理文件
[03:16:30] [监控] 无待处理文件
[03:21:30] [监控] 无待处理文件
[03:26:30] [监控] 无待处理文件
[03:31:30] [监控] 无待处理文件
[03:36:31] [监控] 无待处理文件
[03:41:31] [监控] 无待处理文件
[03:46:31] [监控] 无待处理文件
[03:51:32] [监控] 无待处理文件
[03:56:32] [监控] 无待处理文件
[04:01:32] [监控] 无待处理文件
[04:06:33] [监控] 无待处理文件
[04:11:33] [监控] 无待处理文件
[04:16:33] [监控] 无待处理文件
[04:21:34] [监控] 无待处理文件
[04:26:34] [监控] 无待处理文件
[04:31:34] [监控] 无待处理文件
[04:36:35] [监控] 无待处理文件
[04:41:35] [监控] 无待处理文件
[04:46:35] [监控] 无待处理文件
[04:51:36] [监控] 无待处理文件
[04:56:36] [监控] 无待处理文件
[05:01:36] [监控] 无待处理文件
[05:06:36] [监控] 无待处理文件
[05:11:37] [监控] 无待处理文件
[05:16:37] [监控] 无待处理文件
[05:21:38] [监控] 无待处理文件
[05:26:39] [监控] 无待处理文件
[05:31:40] [监控] 无待处理文件
[05:36:40] [监控] 无待处理文件
[05:41:41] [监控] 无待处理文件
[05:46:41] [监控] 无待处理文件
[05:51:42] [监控] 无待处理文件
[05:56:42] [监控] 无待处理文件
[06:01:42] [监控] 无待处理文件
[06:06:43] [监控] 无待处理文件
[06:11:43] [监控] 无待处理文件
[06:16:43] [监控] 无待处理文件
[06:21:44] [监控] 无待处理文件
[06:26:44] [监控] 无待处理文件
[06:31:44] [监控] 无待处理文件
[06:32:04] [处理] 发现文件: EPORNER.COM - [S6MEIM3EPmy] Rip Her Up (1080).mp4 (D:\Videos)
  🔊 音频响度标准化: EPORNER.COM - [S6MEIM3EPmy] Rip Her Up (1080).mp4
  📏 第一遍：测量音频响度...
  🔊 第二遍：应用响度标准化 (输入 -12.80 LUFS → -16 LUFS)...
  🔍 校验输出音轨...
  ✅ 音频标准化完成
  🔍 正在进行 NSFW 检测...
  🔞 检测结果: NSFW (置信度: 0.6333)
  📁 目标: Scenes (NSFW)
  ✅ 已移动
[06:37:08] [监控] 无待处理文件
[06:42:08] [监控] 无待处理文件
[06:47:11] [监控] 无待处理文件
[06:52:12] [监控] 无待处理文件
[06:57:12] [监控] 无待处理文件
[07:02:12] [监控] 无待处理文件
[07:07:13] [监控] 无待处理文件
[07:12:13] [监控] 无待处理文件
[07:17:13] [监控] 无待处理文件
[07:22:14] [监控] 无待处理文件
[07:27:14] [监控] 无待处理文件
[07:32:14] [监控] 无待处理文件
[07:37:15] [监控] 无待处理文件
[07:42:15] [监控] 无待处理文件
[07:47:15] [监控] 无待处理文件
[07:52:16] [监控] 无待处理文件
[07:57:16] [监控] 无待处理文件
[08:02:16] [监控] 无待处理文件
[08:07:17] [监控] 无待处理文件
[08:12:17] [监控] 无待处理文件
[08:17:17] [监控] 无待处理文件
[08:22:17] [监控] 无待处理文件
[08:27:18] [监控] 无待处理文件
[08:32:18] [监控] 无待处理文件
[08:37:18] [监控] 无待处理文件
[08:42:19] [监控] 无待处理文件
[08:47:19] [监控] 无待处理文件
[08:52:19] [监控] 无待处理文件
[08:57:20] [监控] 无待处理文件
[09:02:20] [监控] 无待处理文件
[09:07:20] [监控] 无待处理文件
[09:12:21] [监控] 无待处理文件
[09:17:21] [监控] 无待处理文件
[09:22:22] [监控] 无待处理文件
[09:27:23] [监控] 无待处理文件
[09:32:24] [监控] 无待处理文件
[09:37:24] [监控] 无待处理文件
[09:42:25] [监控] 无待处理文件
[09:47:26] [监控] 无待处理文件
[09:52:26] [监控] 无待处理文件
[09:57:26] [监控] 无待处理文件
[10:02:27] [监控] 无待处理文件
[10:07:27] [监控] 无待处理文件
[10:12:27] [监控] 无待处理文件
[10:17:27] [监控] 无待处理文件
[10:22:28] [监控] 无待处理文件
[10:27:28] [监控] 无待处理文件
[10:32:29] [监控] 无待处理文件
[10:37:29] [监控] 无待处理文件
[10:42:29] [监控] 无待处理文件
[10:47:29] [监控] 无待处理文件
[10:52:30] [监控] 无待处理文件
[10:57:30] [监控] 无待处理文件
[11:02:30] [监控] 无待处理文件
[11:07:31] [监控] 无待处理文件
[11:12:31] [监控] 无待处理文件
[11:17:31] [监控] 无待处理文件
[11:22:32] [监控] 无待处理文件
[11:27:32] [监控] 无待处理文件
[11:32:32] [监控] 无待处理文件
[11:37:33] [监控] 无待处理文件
[11:42:33] [监控] 无待处理文件
[11:47:33] [监控] 无待处理文件
[11:52:34] [监控] 无待处理文件
[11:57:34] [监控] 无待处理文件
[12:02:34] [监控] 无待处理文件
[12:07:35] [监控] 无待处理文件
[12:12:35] [监控] 无待处理文件
[12:17:35] [监控] 无待处理文件
[12:22:35] [监控] 无待处理文件
[12:27:36] [监控] 无待处理文件
[12:32:36] [监控] 无待处理文件
[12:37:36] [监控] 无待处理文件
[12:42:37] [监控] 无待处理文件
[12:47:37] [监控] 无待处理文件
[12:52:38] [监控] 无待处理文件
[12:57:38] [监控] 无待处理文件
[13:02:38] [监控] 无待处理文件
[13:07:39] [监控] 无待处理文件
[13:12:39] [监控] 无待处理文件
[13:17:40] [监控] 无待处理文件
[13:22:41] [监控] 无待处理文件
[13:27:42] [监控] 无待处理文件
[13:32:43] [监控] 无待处理文件
[13:37:43] [监控] 无待处理文件
[13:42:43] [监控] 无待处理文件
[13:47:44] [监控] 无待处理文件
[13:52:44] [监控] 无待处理文件
[13:57:44] [监控] 无待处理文件
[14:02:44] [监控] 无待处理文件
[14:07:45] [监控] 无待处理文件
[14:12:45] [监控] 无待处理文件
[14:17:45] [监控] 无待处理文件
[14:22:45] [监控] 无待处理文件
[14:27:46] [监控] 无待处理文件
[14:32:46] [监控] 无待处理文件
[14:37:46] [监控] 无待处理文件
[14:42:46] [监控] 无待处理文件
[14:47:47] [监控] 无待处理文件
[14:52:47] [监控] 无待处理文件
[14:57:47] [监控] 无待处理文件
[15:02:47] [监控] 无待处理文件
[15:07:48] [监控] 无待处理文件
[15:12:48] [监控] 无待处理文件
[15:17:48] [监控] 无待处理文件
[15:22:48] [监控] 无待处理文件
[15:27:48] [监控] 无待处理文件
[15:32:49] [监控] 无待处理文件
[15:37:49] [监控] 无待处理文件
[15:42:49] [监控] 无待处理文件
[15:47:49] [监控] 无待处理文件
[15:52:50] [监控] 无待处理文件
[15:57:50] [监控] 无待处理文件
[16:02:50] [监控] 无待处理文件
[16:07:50] [监控] 无待处理文件
[16:12:51] [监控] 无待处理文件
[16:17:51] [监控] 无待处理文件
[16:22:51] [监控] 无待处理文件
[16:27:51] [监控] 无待处理文件
[16:32:52] [监控] 无待处理文件
[16:37:52] [监控] 无待处理文件
[16:42:52] [监控] 无待处理文件
[16:47:52] [监控] 无待处理文件
[16:52:53] [监控] 无待处理文件
[16:57:53] [监控] 无待处理文件
[17:02:53] [监控] 无待处理文件
[17:07:53] [监控] 无待处理文件
[17:12:54] [监控] 无待处理文件
[17:17:54] [监控] 无待处理文件
[17:22:54] [监控] 无待处理文件
[17:27:54] [监控] 无待处理文件
[17:32:55] [监控] 无待处理文件
[17:37:55] [监控] 无待处理文件
[17:42:55] [监控] 无待处理文件
[17:47:55] [监控] 无待处理文件
[17:52:55] [监控] 无待处理文件
[17:57:56] [监控] 无待处理文件
[18:02:56] [监控] 无待处理文件
[18:07:56] [监控] 无待处理文件
[18:12:57] [监控] 无待处理文件
[18:17:57] [监控] 无待处理文件
[18:22:57] [监控] 无待处理文件
[18:27:57] [监控] 无待处理文件
[18:32:58] [监控] 无待处理文件
[18:37:58] [监控] 无待处理文件
[18:42:58] [监控] 无待处理文件
[18:47:58] [监控] 无待处理文件
[18:52:59] [监控] 无待处理文件
[18:57:59] [监控] 无待处理文件
[19:02:59] [监控] 无待处理文件
[19:07:59] [监控] 无待处理文件
[19:13:00] [监控] 无待处理文件
[19:18:00] [监控] 无待处理文件
[19:23:00] [监控] 无待处理文件
[19:28:00] [监控] 无待处理文件
[19:33:00] [监控] 无待处理文件
[19:38:01] [监控] 无待处理文件
[19:43:01] [监控] 无待处理文件
[19:48:01] [监控] 无待处理文件
[19:53:01] [监控] 无待处理文件
[19:58:02] [监控] 无待处理文件
[20:03:02] [监控] 无待处理文件
[20:08:02] [监控] 无待处理文件
[20:13:02] [监控] 无待处理文件
[20:18:03] [监控] 无待处理文件
[20:23:03] [监控] 无待处理文件
[20:28:03] [监控] 无待处理文件
[20:33:03] [监控] 无待处理文件
[20:38:03] [监控] 无待处理文件
[20:43:04] [监控] 无待处理文件
[20:48:04] [监控] 无待处理文件
[20:53:04] [监控] 无待处理文件
[20:58:04] [监控] 无待处理文件
[21:03:05] [监控] 无待处理文件
[21:08:05] [监控] 无待处理文件
[21:13:05] [监控] 无待处理文件
[21:18:05] [监控] 无待处理文件
[21:23:06] [监控] 无待处理文件
[21:28:06] [监控] 无待处理文件
[21:33:06] [监控] 无待处理文件
[21:38:06] [监控] 无待处理文件
[21:43:07] [监控] 无待处理文件
[21:48:07] [监控] 无待处理文件
[21:53:07] [监控] 无待处理文件
[21:58:07] [监控] 无待处理文件
[22:03:08] [监控] 无待处理文件
[22:08:08] [监控] 无待处理文件
[22:13:08] [监控] 无待处理文件
[22:18:08] [监控] 无待处理文件
[22:23:09] [监控] 无待处理文件
[22:28:09] [监控] 无待处理文件
[22:33:09] [监控] 无待处理文件
[22:38:09] [监控] 无待处理文件
[22:43:10] [监控] 无待处理文件
[22:48:10] [监控] 无待处理文件
[22:53:10] [监控] 无待处理文件
[22:58:10] [监控] 无待处理文件
[23:03:11] [监控] 无待处理文件
[23:08:11] [监控] 无待处理文件
[23:13:11] [监控] 无待处理文件
[23:18:11] [监控] 无待处理文件
[23:23:12] [监控] 无待处理文件
[23:28:12] [监控] 无待处理文件
[23:33:12] [监控] 无待处理文件
[23:38:12] [监控] 无待处理文件
[23:43:13] [监控] 无待处理文件
[23:48:13] [监控] 无待处理文件
[23:53:14] [监控] 无待处理文件
[23:58:14] [监控] 无待处理文件
[00:03:14] [监控] 无待处理文件
[00:08:14] [监控] 无待处理文件
[00:13:15] [监控] 无待处理文件
[00:18:15] [监控] 无待处理文件
[00:23:15] [监控] 无待处理文件
[00:28:16] [监控] 无待处理文件
[00:33:16] [监控] 无待处理文件
[00:38:17] [监控] 无待处理文件
**********************
PowerShell 记录开始
开始时间: 20260919004222
用户名: STATION\Joker
RunAs 用户: STATION\Joker
配置名称: 
计算机: STATION (Microsoft Windows NT 10.0.26200.0)
主机应用程序: C:\Program Files\PowerShell\7\pwsh.dll -NoProfile -ExecutionPolicy Bypass -WindowStyle Hidden -File D:\Repos\Scripts\Watch_Downloads.ps1
进程 ID: 20416
PSVersion: 7.6.6
PSEdition: Core
GitCommitId: 7.6.6
OS: Microsoft Windows 10.0.26200
Platform: Win32NT
PSCompatibleVersions: 1.0, 2.0, 3.0, 4.0, 5.0, 5.1, 6.0, 7.0
PSRemotingProtocolVersion: 2.4
SerializationVersion: 1.1.0.1
WSManStackVersion: 3.0
**********************
✅ 找到转换脚本: D:\Repos\Scripts\Convert_to_Mp4_Srt.ps1
==========================================
   文件夹监控已启动
==========================================

📂 监控路径:
   D:\Videos

功能:
   • 视频格式转换 (MP4+H.264)
   • 字幕格式转换 (VTT/ASS/SSA/SUB → SRT)
   • NSFW 内容检测和自动分类
   • NSFW → \\192.168.1.111\data\Scenes
   • 普通 → \\192.168.1.111\data\Movies

支持格式: TS, AVI, MKV, MOV, WMV, FLV, WEBM, MP4, VTT, ASS, SSA, SUB, SRT等
按 Ctrl+C 停止监控

==========================================
   正在扫描已存在的文件...
==========================================

没有找到需要处理的文件

监控已启动，等待文件变化...

轮询间隔: 每 5 分钟

[00:47:24] [监控] 无待处理文件
[00:52:24] [监控] 无待处理文件
[00:57:24] [监控] 无待处理文件
[01:02:24] [监控] 无待处理文件
[01:07:25] [监控] 无待处理文件
[01:12:25] [监控] 无待处理文件
[01:17:25] [监控] 无待处理文件
[01:22:25] [监控] 无待处理文件
[01:27:26] [监控] 无待处理文件
[01:32:26] [监控] 无待处理文件
[01:37:26] [监控] 无待处理文件
[01:42:26] [监控] 无待处理文件
[01:47:27] [监控] 无待处理文件
[01:52:27] [监控] 无待处理文件
[01:57:27] [监控] 无待处理文件
[02:02:27] [监控] 无待处理文件
[02:07:28] [监控] 无待处理文件
[02:12:28] [监控] 无待处理文件
[02:17:28] [监控] 无待处理文件
[02:22:28] [监控] 无待处理文件
[02:27:28] [监控] 无待处理文件
[02:32:29] [监控] 无待处理文件
[02:37:29] [监控] 无待处理文件
[02:42:29] [监控] 无待处理文件
[02:47:29] [监控] 无待处理文件
[02:52:30] [监控] 无待处理文件
[02:57:30] [监控] 无待处理文件
[03:02:30] [监控] 无待处理文件
[03:07:30] [监控] 无待处理文件
[03:12:30] [监控] 无待处理文件
[03:17:31] [监控] 无待处理文件
[03:22:31] [监控] 无待处理文件
[03:27:31] [监控] 无待处理文件
[03:32:31] [监控] 无待处理文件
[03:37:32] [监控] 无待处理文件
[03:42:32] [监控] 无待处理文件
[03:47:32] [监控] 无待处理文件
[03:52:32] [监控] 无待处理文件
[03:57:32] [监控] 无待处理文件
[04:02:33] [监控] 无待处理文件
[04:07:33] [监控] 无待处理文件
[04:12:33] [监控] 无待处理文件
[04:17:33] [监控] 无待处理文件
[04:22:34] [监控] 无待处理文件
[04:27:34] [监控] 无待处理文件
[04:32:34] [监控] 无待处理文件
[04:37:34] [监控] 无待处理文件
[04:42:35] [监控] 无待处理文件
[04:47:35] [监控] 无待处理文件
[04:52:35] [监控] 无待处理文件
[04:57:35] [监控] 无待处理文件
[05:02:36] [监控] 无待处理文件
[05:07:36] [监控] 无待处理文件
[05:12:36] [监控] 无待处理文件
[05:17:37] [监控] 无待处理文件
[05:22:37] [监控] 无待处理文件
[05:27:37] [监控] 无待处理文件
[05:32:37] [监控] 无待处理文件
[05:37:38] [监控] 无待处理文件
[05:42:38] [监控] 无待处理文件
[05:47:38] [监控] 无待处理文件
[05:52:38] [监控] 无待处理文件
[05:57:39] [监控] 无待处理文件
[06:02:39] [监控] 无待处理文件
[06:07:39] [监控] 无待处理文件
[06:12:40] [监控] 无待处理文件
[06:17:40] [监控] 无待处理文件
[06:22:40] [监控] 无待处理文件
[06:27:40] [监控] 无待处理文件
[06:32:40] [监控] 无待处理文件
[06:37:41] [监控] 无待处理文件
[06:42:41] [监控] 无待处理文件
[06:47:41] [监控] 无待处理文件
[06:52:41] [监控] 无待处理文件
[06:57:42] [监控] 无待处理文件
[07:02:42] [监控] 无待处理文件
[07:07:42] [监控] 无待处理文件
[07:12:42] [监控] 无待处理文件
**********************
PowerShell 记录开始
开始时间: 20260919071733
用户名: STATION\Joker
RunAs 用户: STATION\Joker
配置名称: 
计算机: STATION (Microsoft Windows NT 10.0.26200.0)
主机应用程序: C:\Program Files\PowerShell\7\pwsh.dll -NoProfile -ExecutionPolicy Bypass -WindowStyle Hidden -File D:\Repos\Scripts\Watch_Downloads.ps1
进程 ID: 23500
PSVersion: 7.6.6
PSEdition: Core
GitCommitId: 7.6.6
OS: Microsoft Windows 10.0.26200
Platform: Win32NT
PSCompatibleVersions: 1.0, 2.0, 3.0, 4.0, 5.0, 5.1, 6.0, 7.0
PSRemotingProtocolVersion: 2.4
SerializationVersion: 1.1.0.1
WSManStackVersion: 3.0
**********************
✅ 找到转换脚本: D:\Repos\Scripts\Convert_to_Mp4_Srt.ps1
==========================================
   文件夹监控已启动
==========================================

📂 监控路径:
   D:\Videos

功能:
   • 视频格式转换 (MP4+H.264)
   • 字幕格式转换 (VTT/ASS/SSA/SUB → SRT)
   • NSFW 内容检测和自动分类
   • NSFW → \\192.168.1.111\data\Scenes
   • 普通 → \\192.168.1.111\data\Movies

支持格式: TS, AVI, MKV, MOV, WMV, FLV, WEBM, MP4, VTT, ASS, SSA, SUB, SRT等
按 Ctrl+C 停止监控

==========================================
   正在扫描已存在的文件...
==========================================

没有找到需要处理的文件

监控已启动，等待文件变化...

轮询间隔: 每 5 分钟

[07:22:35] [监控] 无待处理文件
[07:27:35] [监控] 无待处理文件
[07:32:35] [监控] 无待处理文件
**********************
PowerShell 记录开始
开始时间: 20260919073641
用户名: STATION\Joker
RunAs 用户: STATION\Joker
配置名称: 
计算机: STATION (Microsoft Windows NT 10.0.26200.0)
主机应用程序: C:\Program Files\PowerShell\7\pwsh.dll -NoProfile -ExecutionPolicy Bypass -WindowStyle Hidden -File D:\Repos\Scripts\Watch_Downloads.ps1
进程 ID: 15916
PSVersion: 7.6.6
PSEdition: Core
GitCommitId: 7.6.6
OS: Microsoft Windows 10.0.26200
Platform: Win32NT
PSCompatibleVersions: 1.0, 2.0, 3.0, 4.0, 5.0, 5.1, 6.0, 7.0
PSRemotingProtocolVersion: 2.4
SerializationVersion: 1.1.0.1
WSManStackVersion: 3.0
**********************
✅ 找到转换脚本: D:\Repos\Scripts\Convert_to_Mp4_Srt.ps1
==========================================
   文件夹监控已启动
==========================================

📂 监控路径:
   D:\Videos

功能:
   • 视频格式转换 (MP4+H.264)
   • 字幕格式转换 (VTT/ASS/SSA/SUB → SRT)
   • NSFW 内容检测和自动分类
   • NSFW → \\192.168.1.111\data\Scenes
   • 普通 → \\192.168.1.111\data\Movies

支持格式: TS, AVI, MKV, MOV, WMV, FLV, WEBM, MP4, VTT, ASS, SSA, SUB, SRT等
按 Ctrl+C 停止监控

==========================================
   正在扫描已存在的文件...
==========================================

没有找到需要处理的文件

监控已启动，等待文件变化...

轮询间隔: 每 5 分钟

[07:41:42] [监控] 无待处理文件
[07:46:43] [监控] 无待处理文件
[07:51:43] [监控] 无待处理文件
[07:56:43] [监控] 无待处理文件
[08:01:43] [监控] 无待处理文件
[08:06:44] [监控] 无待处理文件
[08:11:44] [监控] 无待处理文件
[08:16:44] [监控] 无待处理文件
[08:21:44] [监控] 无待处理文件
[08:26:44] [监控] 无待处理文件
[08:31:45] [监控] 无待处理文件
[08:36:45] [监控] 无待处理文件
[08:41:45] [监控] 无待处理文件
[08:46:46] [监控] 无待处理文件
[08:51:46] [监控] 无待处理文件
[08:56:46] [监控] 无待处理文件
[09:01:46] [监控] 无待处理文件
[09:06:47] [监控] 无待处理文件
[09:11:47] [监控] 无待处理文件
[09:16:47] [监控] 无待处理文件
[09:21:47] [监控] 无待处理文件
[09:26:48] [监控] 无待处理文件
[09:31:48] [监控] 无待处理文件
[09:36:48] [监控] 无待处理文件
[09:41:48] [监控] 无待处理文件
[09:46:49] [监控] 无待处理文件
[09:51:49] [监控] 无待处理文件
[09:56:49] [监控] 无待处理文件
[10:01:49] [监控] 无待处理文件
[10:06:50] [监控] 无待处理文件
[10:11:50] [监控] 无待处理文件
[10:16:50] [监控] 无待处理文件
[10:21:50] [监控] 无待处理文件
[10:26:51] [监控] 无待处理文件
[10:31:51] [监控] 无待处理文件
[10:36:51] [监控] 无待处理文件
[10:41:51] [监控] 无待处理文件
[10:46:52] [监控] 无待处理文件
[10:51:52] [监控] 无待处理文件
[10:56:52] [监控] 无待处理文件
[11:01:52] [监控] 无待处理文件
[11:06:43] [处理] 发现文件: Tiffany Mason Vs. Mandingo - Tnaflix.com.mp4 (D:\Videos)
  🔊 音频响度标准化: Tiffany Mason Vs. Mandingo - Tnaflix.com.mp4
  📏 第一遍：测量音频响度...
  🔊 第二遍：应用响度标准化 (输入 -20.97 LUFS → -16 LUFS)...
  🔍 校验输出音轨...
  ❌ 输出音轨校验失败，保留原文件
Remove-Item: D:\Repos\Scripts\MediaAudio.ps1:158
Line |
 158 |              Remove-Item -LiteralPath $tempFile -Force
     |              ~~~~~~~~~~~~~~~~~~~~~~~~~~~~~~~~~~~~~~~~~
     | 找不到路径“D:\Videos\Tiffany Mason Vs. Mandingo - Tnaflix.com.loudnorm.temp.mp4”，因为该路径不存在。
Remove-Item: D:\Repos\Scripts\MediaAudio.ps1:158
Line |
 158 |              Remove-Item -LiteralPath $tempFile -Force
     |              ~~~~~~~~~~~~~~~~~~~~~~~~~~~~~~~~~~~~~~~~~
     | 找不到路径“D:\Videos\Tiffany Mason Vs. Mandingo - Tnaflix.com.loudnorm.temp.mp4”，因为该路径不存在。

  🔍 正在进行 NSFW 检测...
  🔞 检测结果: NSFW (置信度: 0.8052)
  📁 目标: Scenes (NSFW)
  ✅ 已移动
[11:11:46] [监控] 无待处理文件
[11:16:46] [监控] 无待处理文件
[11:21:46] [监控] 无待处理文件
[11:26:47] [监控] 无待处理文件
[11:31:47] [监控] 无待处理文件
[11:36:47] [监控] 无待处理文件
[11:41:47] [监控] 无待处理文件
[11:46:48] [监控] 无待处理文件
[11:51:48] [监控] 无待处理文件
[11:56:48] [监控] 无待处理文件
[12:01:48] [监控] 无待处理文件
[12:06:49] [监控] 无待处理文件
[12:11:49] [监控] 无待处理文件
[12:16:49] [监控] 无待处理文件
[12:21:49] [监控] 无待处理文件
[12:26:50] [监控] 无待处理文件
[12:29:50] [处理] 发现文件: 极品肥臀少妇 穿着旗袍身材真好 这屁股真骚 插入我的肥臀让我把你榨干.mp4 (D:\Videos)
  🔊 音频响度标准化: 极品肥臀少妇 穿着旗袍身材真好 这屁股真骚 插入我的肥臀让我把你榨干.mp4
  📏 第一遍：测量音频响度...
  🔊 第二遍：应用响度标准化 (输入 -36.81 LUFS → -16 LUFS)...
  🔍 校验输出音轨...
  ✅ 音频标准化完成
  🔍 正在进行 NSFW 检测...
PS>TerminatingError(ConvertFrom-Json): "从 JSON 转换失败，出现错误: Unexpected character encountered while parsing value: E. Path '', line 0, position 0."
  🔞 检测结果: NSFW
  📁 目标: Scenes (NSFW)
  ✅ 已移动
[12:37:24] [监控] 无待处理文件
[12:42:25] [监控] 无待处理文件
[12:47:25] [监控] 无待处理文件
[12:52:25] [监控] 无待处理文件
[12:57:26] [监控] 无待处理文件
[13:02:28] [监控] 无待处理文件
[13:07:29] [监控] 无待处理文件
[13:12:29] [监控] 无待处理文件
[13:17:29] [监控] 无待处理文件
[13:22:29] [监控] 无待处理文件
[13:27:30] [监控] 无待处理文件
[13:32:30] [监控] 无待处理文件
[13:37:30] [监控] 无待处理文件
[13:42:30] [监控] 无待处理文件
[13:47:31] [监控] 无待处理文件
[13:52:31] [监控] 无待处理文件
[13:57:31] [监控] 无待处理文件
[14:02:31] [监控] 无待处理文件
[14:07:32] [监控] 无待处理文件
[14:12:32] [监控] 无待处理文件
[14:17:32] [监控] 无待处理文件
[14:22:32] [监控] 无待处理文件
[14:27:33] [监控] 无待处理文件
[14:32:33] [监控] 无待处理文件
[14:37:33] [监控] 无待处理文件
[14:42:33] [监控] 无待处理文件
[14:47:34] [监控] 无待处理文件
[14:52:34] [监控] 无待处理文件
[14:57:34] [监控] 无待处理文件
[15:01:44] [处理] 发现文件: lucy-mochi-s-bbc-anal-pounding-ends-with-a-facial_720p.mp4 (D:\Videos)
  🔊 音频响度标准化: lucy-mochi-s-bbc-anal-pounding-ends-with-a-facial_720p.mp4
  📏 第一遍：测量音频响度...
  🔊 第二遍：应用响度标准化 (输入 -15.89 LUFS → -16 LUFS)...
  🔍 校验输出音轨...
  ✅ 音频标准化完成
  🔍 正在进行 NSFW 检测...
  🔞 检测结果: NSFW (置信度: 0.7541)
  📁 目标: Scenes (NSFW)
  ✅ 已移动
[15:08:39] [跳过] 文件被占用，稍后重试: Lucy Mochi Takes A BBC In Rough Cheating Session – Full Video Details.mp4
[15:08:39] [监控] 无待处理文件
[15:13:40] [监控] 无待处理文件
[15:18:40] [监控] 无待处理文件
[15:23:40] [监控] 无待处理文件
[15:28:41] [监控] 无待处理文件
[15:33:41] [监控] 无待处理文件
[15:38:41] [监控] 无待处理文件
[15:43:41] [监控] 无待处理文件
[15:48:42] [监控] 无待处理文件
[15:53:42] [监控] 无待处理文件
[15:58:42] [监控] 无待处理文件
[16:03:42] [监控] 无待处理文件
[16:08:43] [监控] 无待处理文件
[16:13:43] [监控] 无待处理文件
[16:18:43] [监控] 无待处理文件
[16:23:43] [监控] 无待处理文件
[16:28:44] [监控] 无待处理文件
[16:33:44] [监控] 无待处理文件
[16:38:44] [监控] 无待处理文件
[16:43:44] [监控] 无待处理文件
[16:48:45] [监控] 无待处理文件
[16:53:45] [监控] 无待处理文件
[16:58:45] [监控] 无待处理文件
[17:03:45] [监控] 无待处理文件
[17:08:46] [监控] 无待处理文件
[17:13:46] [监控] 无待处理文件
[17:18:46] [监控] 无待处理文件
[17:23:46] [监控] 无待处理文件
[17:28:47] [监控] 无待处理文件
[17:33:47] [监控] 无待处理文件
[17:38:47] [监控] 无待处理文件
[17:43:48] [监控] 无待处理文件
[17:48:48] [监控] 无待处理文件
[17:53:48] [监控] 无待处理文件
[17:58:48] [监控] 无待处理文件
[18:03:48] [监控] 无待处理文件
[18:08:49] [监控] 无待处理文件
[18:13:49] [监控] 无待处理文件
[18:18:49] [监控] 无待处理文件
[18:23:49] [监控] 无待处理文件
[18:28:50] [监控] 无待处理文件
[18:33:50] [监控] 无待处理文件
[18:38:50] [监控] 无待处理文件
[18:43:50] [监控] 无待处理文件
[18:48:51] [监控] 无待处理文件
[18:53:51] [监控] 无待处理文件
[18:58:51] [监控] 无待处理文件
[19:03:51] [监控] 无待处理文件
[19:08:52] [监控] 无待处理文件
[19:13:52] [监控] 无待处理文件
[19:18:52] [监控] 无待处理文件
[19:23:53] [监控] 无待处理文件
[19:28:53] [监控] 无待处理文件
[19:33:53] [监控] 无待处理文件
[19:38:53] [监控] 无待处理文件
[19:43:54] [监控] 无待处理文件
[19:48:54] [监控] 无待处理文件
[19:53:54] [监控] 无待处理文件
[19:58:54] [监控] 无待处理文件
[20:03:55] [监控] 无待处理文件
[20:08:55] [监控] 无待处理文件
[20:13:55] [监控] 无待处理文件
[20:18:55] [监控] 无待处理文件
[20:23:56] [监控] 无待处理文件
[20:28:56] [监控] 无待处理文件
[20:33:56] [监控] 无待处理文件
[20:38:56] [监控] 无待处理文件
[20:43:57] [监控] 无待处理文件
[20:48:57] [监控] 无待处理文件
[20:53:57] [监控] 无待处理文件
[20:58:57] [监控] 无待处理文件
[21:03:58] [监控] 无待处理文件
[21:08:58] [监控] 无待处理文件
[21:13:58] [监控] 无待处理文件
[21:18:58] [监控] 无待处理文件
[21:23:59] [监控] 无待处理文件
[21:28:59] [监控] 无待处理文件
[21:33:59] [监控] 无待处理文件
[21:38:59] [监控] 无待处理文件
[21:44:00] [监控] 无待处理文件
[21:49:00] [监控] 无待处理文件
[21:54:00] [监控] 无待处理文件
[21:59:00] [监控] 无待处理文件
[22:04:01] [监控] 无待处理文件
[22:09:01] [监控] 无待处理文件
[22:14:01] [监控] 无待处理文件
[22:19:02] [监控] 无待处理文件
[22:24:02] [监控] 无待处理文件
[22:29:02] [监控] 无待处理文件
[22:34:02] [监控] 无待处理文件
[22:39:03] [监控] 无待处理文件
[22:44:03] [监控] 无待处理文件
[22:49:03] [监控] 无待处理文件
[22:54:03] [监控] 无待处理文件
[22:59:04] [监控] 无待处理文件
[23:04:04] [监控] 无待处理文件
[23:09:04] [监控] 无待处理文件
[23:14:04] [监控] 无待处理文件
[23:19:05] [监控] 无待处理文件
[23:24:05] [监控] 无待处理文件
[23:29:05] [监控] 无待处理文件
[23:34:05] [监控] 无待处理文件
[23:39:05] [监控] 无待处理文件
[23:44:06] [监控] 无待处理文件
[23:49:06] [监控] 无待处理文件
[23:54:06] [监控] 无待处理文件
[23:59:06] [监控] 无待处理文件
[00:04:07] [监控] 无待处理文件
[00:09:07] [监控] 无待处理文件
[00:14:07] [监控] 无待处理文件
[00:19:07] [监控] 无待处理文件
[00:24:08] [监控] 无待处理文件
[00:29:08] [监控] 无待处理文件
[00:34:08] [监控] 无待处理文件
[00:39:09] [监控] 无待处理文件
[00:44:09] [监控] 无待处理文件
[00:49:09] [监控] 无待处理文件
[00:54:09] [监控] 无待处理文件
[00:59:10] [监控] 无待处理文件
[01:03:30] [跳过] 文件被占用，稍后重试: lucy loves black cock — PornOne ex vPorn.mp4
[01:08:31] [处理] 发现文件: lucy loves black cock — PornOne ex vPorn.mp4 (D:\Videos)
  🔊 音频响度标准化: lucy loves black cock — PornOne ex vPorn.mp4
  📏 第一遍：测量音频响度...
  🔊 第二遍：应用响度标准化 (输入 -15.89 LUFS → -16 LUFS)...
  🔍 校验输出音轨...
  ✅ 音频标准化完成
  🔍 正在进行 NSFW 检测...
  🔞 检测结果: NSFW (置信度: 0.7331)
  📁 目标: Scenes (NSFW)
  ✅ 已移动
[01:14:55] [监控] 无待处理文件
[01:19:55] [监控] 无待处理文件
[01:24:56] [监控] 无待处理文件
[01:29:56] [监控] 无待处理文件
[01:34:56] [监控] 无待处理文件
[01:39:57] [监控] 无待处理文件
[01:44:57] [监控] 无待处理文件
[01:49:58] [监控] 无待处理文件
[01:54:58] [监控] 无待处理文件
[01:59:58] [监控] 无待处理文件
[02:04:59] [监控] 无待处理文件
[02:09:59] [监控] 无待处理文件
[02:14:59] [监控] 无待处理文件
[02:19:59] [监控] 无待处理文件
[02:25:00] [监控] 无待处理文件
[02:30:00] [监控] 无待处理文件
[02:35:00] [监控] 无待处理文件
[02:40:00] [监控] 无待处理文件
[02:45:01] [监控] 无待处理文件
[02:50:01] [监控] 无待处理文件
[02:55:01] [监控] 无待处理文件
[03:00:01] [监控] 无待处理文件
[03:05:02] [监控] 无待处理文件
[03:10:02] [监控] 无待处理文件
[03:15:02] [监控] 无待处理文件
[03:20:02] [监控] 无待处理文件
[03:25:03] [监控] 无待处理文件
[03:30:03] [监控] 无待处理文件
[03:35:03] [监控] 无待处理文件
[03:40:03] [监控] 无待处理文件
[03:45:04] [监控] 无待处理文件
[03:50:04] [监控] 无待处理文件
[03:55:04] [监控] 无待处理文件
[04:00:04] [监控] 无待处理文件
[04:05:05] [监控] 无待处理文件
[04:10:05] [监控] 无待处理文件
[04:15:05] [监控] 无待处理文件
[04:20:05] [监控] 无待处理文件
[04:25:06] [监控] 无待处理文件
[04:30:06] [监控] 无待处理文件
[04:35:06] [监控] 无待处理文件
[04:40:07] [监控] 无待处理文件
[04:45:07] [监控] 无待处理文件
[04:50:07] [监控] 无待处理文件
[04:55:07] [监控] 无待处理文件
[05:00:08] [监控] 无待处理文件
[05:05:08] [监控] 无待处理文件
[05:10:08] [监控] 无待处理文件
[05:15:08] [监控] 无待处理文件
[05:20:09] [监控] 无待处理文件
[05:25:09] [监控] 无待处理文件
[05:30:09] [监控] 无待处理文件
[05:35:10] [监控] 无待处理文件
[05:40:10] [监控] 无待处理文件
[05:45:10] [监控] 无待处理文件
[05:50:10] [监控] 无待处理文件
[05:55:11] [监控] 无待处理文件
[06:00:11] [监控] 无待处理文件
[06:05:11] [监控] 无待处理文件
[06:10:11] [监控] 无待处理文件
[06:15:12] [监控] 无待处理文件
[06:20:12] [监控] 无待处理文件
[06:25:12] [监控] 无待处理文件
[06:30:12] [监控] 无待处理文件
[06:35:13] [监控] 无待处理文件
[06:40:13] [监控] 无待处理文件
[06:45:13] [监控] 无待处理文件
[06:50:14] [监控] 无待处理文件
[06:55:14] [监控] 无待处理文件
[07:00:14] [监控] 无待处理文件
[07:05:14] [监控] 无待处理文件
[07:10:15] [监控] 无待处理文件
[07:15:15] [监控] 无待处理文件
[07:20:15] [监控] 无待处理文件
[07:25:15] [监控] 无待处理文件
[07:30:16] [监控] 无待处理文件
[07:35:16] [监控] 无待处理文件
[07:40:16] [监控] 无待处理文件
[07:45:16] [监控] 无待处理文件
[07:50:17] [监控] 无待处理文件
[07:55:17] [监控] 无待处理文件
[08:00:17] [监控] 无待处理文件
[08:05:18] [监控] 无待处理文件
[08:10:18] [监控] 无待处理文件
[08:15:18] [监控] 无待处理文件
[08:20:18] [监控] 无待处理文件
[08:25:18] [监控] 无待处理文件
[08:30:19] [监控] 无待处理文件
[08:35:19] [监控] 无待处理文件
[08:40:19] [监控] 无待处理文件
[08:45:19] [监控] 无待处理文件
[08:50:20] [监控] 无待处理文件
[08:55:20] [监控] 无待处理文件
[09:00:20] [监控] 无待处理文件
[09:05:20] [监控] 无待处理文件
[09:10:21] [监控] 无待处理文件
[09:15:21] [监控] 无待处理文件
[09:20:21] [监控] 无待处理文件
[09:25:21] [监控] 无待处理文件
[09:30:22] [监控] 无待处理文件
[09:35:22] [监控] 无待处理文件
[09:40:22] [监控] 无待处理文件
[09:45:22] [监控] 无待处理文件
[09:50:23] [监控] 无待处理文件
[09:55:23] [监控] 无待处理文件
[10:00:23] [监控] 无待处理文件
[10:05:23] [监控] 无待处理文件
[10:10:24] [监控] 无待处理文件
[10:15:24] [监控] 无待处理文件
[10:20:24] [监控] 无待处理文件
[10:25:24] [监控] 无待处理文件
[10:30:25] [监控] 无待处理文件
[10:35:25] [监控] 无待处理文件
[10:40:25] [监控] 无待处理文件
[10:45:25] [监控] 无待处理文件
[10:50:26] [监控] 无待处理文件
[10:55:26] [监控] 无待处理文件
[11:00:26] [监控] 无待处理文件
[11:05:26] [监控] 无待处理文件
[11:10:27] [监控] 无待处理文件
[11:15:27] [监控] 无待处理文件
[11:20:27] [监控] 无待处理文件
[11:25:28] [监控] 无待处理文件
[11:30:28] [监控] 无待处理文件
[11:35:28] [监控] 无待处理文件
[11:40:28] [监控] 无待处理文件
[11:45:28] [监控] 无待处理文件
[11:50:29] [监控] 无待处理文件
[11:55:29] [监控] 无待处理文件
[12:00:29] [监控] 无待处理文件
[12:05:30] [监控] 无待处理文件
[12:10:30] [监控] 无待处理文件
[12:15:30] [监控] 无待处理文件
[12:20:30] [监控] 无待处理文件
[12:25:31] [监控] 无待处理文件
[12:30:31] [监控] 无待处理文件
[12:35:33] [监控] 无待处理文件
[12:40:34] [监控] 无待处理文件
[12:45:34] [监控] 无待处理文件
[12:50:34] [监控] 无待处理文件
[12:55:35] [监控] 无待处理文件
[13:00:35] [监控] 无待处理文件
[13:05:35] [监控] 无待处理文件
[13:10:35] [监控] 无待处理文件
[13:15:35] [监控] 无待处理文件
[13:20:36] [监控] 无待处理文件
[13:25:36] [监控] 无待处理文件
[13:30:36] [监控] 无待处理文件
[13:35:37] [监控] 无待处理文件
[13:40:37] [监控] 无待处理文件
[13:45:37] [监控] 无待处理文件
[13:50:37] [监控] 无待处理文件
[13:55:38] [监控] 无待处理文件
[14:00:38] [监控] 无待处理文件
[14:05:38] [监控] 无待处理文件
[14:10:38] [监控] 无待处理文件
[14:15:39] [监控] 无待处理文件
[14:20:39] [监控] 无待处理文件
[14:25:39] [监控] 无待处理文件
[14:30:40] [监控] 无待处理文件
[14:35:40] [监控] 无待处理文件
[14:40:40] [监控] 无待处理文件
[14:45:41] [监控] 无待处理文件
[14:50:41] [监控] 无待处理文件
[14:55:41] [监控] 无待处理文件
[15:00:42] [监控] 无待处理文件
[15:05:42] [监控] 无待处理文件
[15:10:42] [监控] 无待处理文件
[15:15:43] [监控] 无待处理文件
[15:20:43] [监控] 无待处理文件
[15:25:43] [监控] 无待处理文件
[15:30:43] [监控] 无待处理文件
[15:35:44] [监控] 无待处理文件
[15:40:44] [监控] 无待处理文件
[15:45:44] [监控] 无待处理文件
[15:50:45] [监控] 无待处理文件
[15:55:45] [监控] 无待处理文件
[16:00:45] [监控] 无待处理文件
[16:05:45] [监控] 无待处理文件
[16:10:46] [监控] 无待处理文件
[16:15:46] [监控] 无待处理文件
[16:20:46] [监控] 无待处理文件
[16:25:46] [监控] 无待处理文件
[16:30:47] [监控] 无待处理文件
[16:35:47] [监控] 无待处理文件
[16:40:47] [监控] 无待处理文件
[16:45:47] [监控] 无待处理文件
[16:50:48] [监控] 无待处理文件
[16:55:48] [监控] 无待处理文件
[17:00:48] [监控] 无待处理文件
[17:05:48] [监控] 无待处理文件
[17:10:49] [监控] 无待处理文件
[17:15:49] [监控] 无待处理文件
[17:20:49] [监控] 无待处理文件
[17:25:49] [监控] 无待处理文件
[17:30:50] [监控] 无待处理文件
[17:35:50] [监控] 无待处理文件
[17:40:50] [监控] 无待处理文件
[17:45:50] [监控] 无待处理文件
[17:50:51] [监控] 无待处理文件
[17:55:51] [监控] 无待处理文件
[18:00:51] [监控] 无待处理文件
[18:05:51] [监控] 无待处理文件
[18:10:52] [监控] 无待处理文件
[18:15:52] [监控] 无待处理文件
[18:20:52] [监控] 无待处理文件
[18:25:52] [监控] 无待处理文件
[18:30:53] [监控] 无待处理文件
[18:35:53] [监控] 无待处理文件
[18:40:53] [监控] 无待处理文件
[18:45:53] [监控] 无待处理文件
[18:50:54] [监控] 无待处理文件
[18:55:54] [监控] 无待处理文件
[19:00:54] [监控] 无待处理文件
[19:05:54] [监控] 无待处理文件
[19:10:55] [监控] 无待处理文件
[19:15:55] [监控] 无待处理文件
[19:20:55] [监控] 无待处理文件
[19:25:56] [监控] 无待处理文件
[19:30:56] [监控] 无待处理文件
[19:35:56] [监控] 无待处理文件
[19:40:56] [监控] 无待处理文件
[19:45:56] [监控] 无待处理文件
[19:50:57] [监控] 无待处理文件
[19:55:57] [监控] 无待处理文件
[20:00:57] [监控] 无待处理文件
[20:05:57] [监控] 无待处理文件
[20:10:58] [监控] 无待处理文件
[20:15:58] [监控] 无待处理文件
[20:20:58] [监控] 无待处理文件
[20:25:59] [监控] 无待处理文件
[20:30:59] [监控] 无待处理文件
[20:35:59] [监控] 无待处理文件
[20:40:59] [监控] 无待处理文件
[20:46:00] [监控] 无待处理文件
[20:51:00] [监控] 无待处理文件
[20:56:00] [监控] 无待处理文件
[21:01:00] [监控] 无待处理文件
[21:06:01] [监控] 无待处理文件
[21:11:01] [监控] 无待处理文件
[21:16:01] [监控] 无待处理文件
[21:21:01] [监控] 无待处理文件
[21:26:02] [监控] 无待处理文件
[21:31:02] [监控] 无待处理文件
[21:36:02] [监控] 无待处理文件
[21:41:02] [监控] 无待处理文件
[21:46:03] [监控] 无待处理文件
[21:51:03] [监控] 无待处理文件
[21:56:03] [监控] 无待处理文件
[22:01:03] [监控] 无待处理文件
[22:06:04] [监控] 无待处理文件
[22:11:04] [监控] 无待处理文件
[22:16:04] [监控] 无待处理文件
[22:21:04] [监控] 无待处理文件
[22:26:05] [监控] 无待处理文件
[22:31:05] [监控] 无待处理文件
[22:36:05] [监控] 无待处理文件
[22:41:05] [监控] 无待处理文件
[22:46:06] [监控] 无待处理文件
[22:51:06] [监控] 无待处理文件
[22:56:06] [监控] 无待处理文件
[23:01:06] [监控] 无待处理文件
[23:06:07] [监控] 无待处理文件
[23:11:07] [监控] 无待处理文件
[23:16:07] [监控] 无待处理文件
[23:21:08] [监控] 无待处理文件
[23:26:08] [监控] 无待处理文件
[23:31:08] [监控] 无待处理文件
[23:36:08] [监控] 无待处理文件
[23:41:09] [监控] 无待处理文件
[23:46:09] [监控] 无待处理文件
[23:51:09] [监控] 无待处理文件
[23:56:09] [监控] 无待处理文件
[00:01:10] [监控] 无待处理文件
[00:06:10] [监控] 无待处理文件
[00:11:10] [监控] 无待处理文件
[00:16:10] [监控] 无待处理文件
[00:21:11] [监控] 无待处理文件
[00:26:11] [监控] 无待处理文件
[00:31:11] [监控] 无待处理文件
[00:36:11] [监控] 无待处理文件
[00:41:12] [监控] 无待处理文件
[00:46:12] [监控] 无待处理文件
[00:51:12] [监控] 无待处理文件
[00:56:13] [监控] 无待处理文件
[01:01:13] [监控] 无待处理文件
[01:06:13] [监控] 无待处理文件
[01:11:13] [监控] 无待处理文件
[01:16:14] [监控] 无待处理文件
[01:21:14] [监控] 无待处理文件
[01:26:14] [监控] 无待处理文件
[01:31:14] [监控] 无待处理文件
[01:36:15] [监控] 无待处理文件
[01:41:15] [监控] 无待处理文件
[01:46:15] [监控] 无待处理文件
[01:51:16] [监控] 无待处理文件
[01:56:16] [监控] 无待处理文件
[02:01:17] [监控] 无待处理文件
[02:06:17] [监控] 无待处理文件
[02:11:17] [监控] 无待处理文件
[02:16:18] [监控] 无待处理文件
[02:21:18] [监控] 无待处理文件
[02:26:18] [监控] 无待处理文件
[02:31:19] [监控] 无待处理文件
[02:36:19] [监控] 无待处理文件
[02:41:19] [监控] 无待处理文件
[02:46:20] [监控] 无待处理文件
[02:51:22] [监控] 无待处理文件
[02:56:22] [监控] 无待处理文件
[03:01:23] [监控] 无待处理文件
[03:06:24] [监控] 无待处理文件
[03:11:25] [监控] 无待处理文件
[03:16:25] [监控] 无待处理文件
[03:21:26] [监控] 无待处理文件
[03:26:26] [监控] 无待处理文件
[03:31:27] [监控] 无待处理文件
[03:36:28] [监控] 无待处理文件
[03:41:28] [监控] 无待处理文件
[03:46:29] [监控] 无待处理文件
[03:51:32] [监控] 无待处理文件
[03:56:34] [监控] 无待处理文件
[04:01:36] [监控] 无待处理文件
[04:06:37] [监控] 无待处理文件
[04:11:39] [监控] 无待处理文件
[04:16:41] [监控] 无待处理文件
[04:21:42] [监控] 无待处理文件
[04:26:45] [监控] 无待处理文件
[04:31:45] [监控] 无待处理文件
[04:36:45] [监控] 无待处理文件
[04:41:46] [监控] 无待处理文件
[04:46:46] [监控] 无待处理文件
[04:51:46] [监控] 无待处理文件
[04:56:47] [监控] 无待处理文件
[05:01:47] [监控] 无待处理文件
[05:06:47] [监控] 无待处理文件
[05:11:47] [监控] 无待处理文件
[05:16:48] [监控] 无待处理文件
[05:21:48] [监控] 无待处理文件
[05:26:48] [监控] 无待处理文件
[05:31:48] [监控] 无待处理文件
[05:36:49] [监控] 无待处理文件
[05:41:49] [监控] 无待处理文件
[05:46:49] [监控] 无待处理文件
[05:51:49] [监控] 无待处理文件
[05:56:50] [监控] 无待处理文件
[06:01:50] [监控] 无待处理文件
[06:06:50] [监控] 无待处理文件
[06:11:50] [监控] 无待处理文件
[06:16:51] [监控] 无待处理文件
[06:21:51] [监控] 无待处理文件
[06:26:51] [监控] 无待处理文件
[06:31:51] [监控] 无待处理文件
[06:36:52] [监控] 无待处理文件
[06:41:52] [监控] 无待处理文件
[06:46:52] [监控] 无待处理文件
[06:51:52] [监控] 无待处理文件
[06:56:53] [监控] 无待处理文件
[07:01:53] [监控] 无待处理文件
[07:06:53] [监控] 无待处理文件
[07:11:54] [监控] 无待处理文件
[07:16:54] [监控] 无待处理文件
[07:21:55] [监控] 无待处理文件
[07:26:55] [监控] 无待处理文件
[07:31:56] [监控] 无待处理文件
[07:36:56] [监控] 无待处理文件
[07:41:56] [监控] 无待处理文件
[07:46:58] [监控] 无待处理文件
[07:51:59] [监控] 无待处理文件
[07:56:59] [监控] 无待处理文件
[08:01:59] [监控] 无待处理文件
[08:06:59] [监控] 无待处理文件
[08:12:00] [监控] 无待处理文件
[08:17:00] [监控] 无待处理文件
[08:22:00] [监控] 无待处理文件
[08:27:00] [监控] 无待处理文件
[08:32:01] [监控] 无待处理文件
[08:37:01] [监控] 无待处理文件
[08:42:01] [监控] 无待处理文件
[08:47:01] [监控] 无待处理文件
[08:52:02] [监控] 无待处理文件
[08:57:02] [监控] 无待处理文件
[09:02:02] [监控] 无待处理文件
[09:07:03] [监控] 无待处理文件
[09:12:03] [监控] 无待处理文件
[09:17:03] [监控] 无待处理文件
[09:22:04] [监控] 无待处理文件
[09:27:04] [监控] 无待处理文件
[09:32:04] [监控] 无待处理文件
[09:37:05] [监控] 无待处理文件
[09:42:05] [监控] 无待处理文件
[09:47:05] [监控] 无待处理文件
[09:52:06] [监控] 无待处理文件
[09:57:06] [监控] 无待处理文件
[10:02:06] [监控] 无待处理文件
[10:07:06] [监控] 无待处理文件
[10:12:07] [监控] 无待处理文件
[10:17:07] [监控] 无待处理文件
[10:22:07] [监控] 无待处理文件
[10:27:07] [监控] 无待处理文件
[10:32:08] [监控] 无待处理文件
[10:37:08] [监控] 无待处理文件
[10:42:08] [监控] 无待处理文件
[10:47:08] [监控] 无待处理文件
[10:52:09] [监控] 无待处理文件
[10:57:09] [监控] 无待处理文件
[11:02:09] [监控] 无待处理文件
[11:07:09] [监控] 无待处理文件
[11:12:10] [监控] 无待处理文件
[11:17:10] [监控] 无待处理文件
[11:22:10] [监控] 无待处理文件
[11:27:10] [监控] 无待处理文件
[11:32:11] [监控] 无待处理文件
[11:37:11] [监控] 无待处理文件
[11:42:11] [监控] 无待处理文件
[11:47:12] [监控] 无待处理文件
[11:52:12] [监控] 无待处理文件
[11:57:12] [监控] 无待处理文件
[12:02:12] [监控] 无待处理文件
[12:07:13] [监控] 无待处理文件
[12:12:13] [监控] 无待处理文件
[12:17:13] [监控] 无待处理文件
[12:22:14] [监控] 无待处理文件
[12:27:14] [监控] 无待处理文件
[12:32:14] [监控] 无待处理文件
[12:37:15] [监控] 无待处理文件
[12:42:16] [监控] 无待处理文件
[12:47:16] [监控] 无待处理文件
[12:52:17] [监控] 无待处理文件
[12:57:17] [监控] 无待处理文件
[13:02:18] [监控] 无待处理文件
[13:07:18] [监控] 无待处理文件
[13:12:19] [监控] 无待处理文件
[13:17:19] [监控] 无待处理文件
[13:22:20] [监控] 无待处理文件
[13:27:21] [监控] 无待处理文件
[13:32:22] [监控] 无待处理文件
[13:37:22] [监控] 无待处理文件
[13:42:23] [监控] 无待处理文件
[13:47:24] [监控] 无待处理文件
[13:52:24] [监控] 无待处理文件
[13:57:25] [监控] 无待处理文件
[14:02:26] [监控] 无待处理文件
[14:07:26] [监控] 无待处理文件
[14:12:27] [监控] 无待处理文件
[14:17:27] [监控] 无待处理文件
[14:22:28] [监控] 无待处理文件
[14:27:28] [监控] 无待处理文件
[14:32:28] [监控] 无待处理文件
[14:37:28] [监控] 无待处理文件
[14:42:29] [监控] 无待处理文件
[14:47:29] [监控] 无待处理文件
[14:52:30] [监控] 无待处理文件
[14:57:30] [监控] 无待处理文件
[15:02:30] [监控] 无待处理文件
[15:07:30] [监控] 无待处理文件
[15:12:31] [监控] 无待处理文件
[15:17:31] [监控] 无待处理文件
[15:22:31] [监控] 无待处理文件
[15:27:32] [监控] 无待处理文件
[15:32:32] [监控] 无待处理文件
[15:37:32] [监控] 无待处理文件
[15:42:32] [监控] 无待处理文件
[15:47:33] [监控] 无待处理文件
[15:52:33] [监控] 无待处理文件
[15:57:33] [监控] 无待处理文件
[16:02:33] [监控] 无待处理文件
[16:07:34] [监控] 无待处理文件
[16:12:34] [监控] 无待处理文件
[16:17:34] [监控] 无待处理文件
[16:22:34] [监控] 无待处理文件
[16:27:35] [监控] 无待处理文件
[16:32:35] [监控] 无待处理文件
[16:37:35] [监控] 无待处理文件
[16:42:35] [监控] 无待处理文件
[16:47:36] [监控] 无待处理文件
[16:52:36] [监控] 无待处理文件
[16:57:36] [监控] 无待处理文件
[17:02:36] [监控] 无待处理文件
[17:07:37] [监控] 无待处理文件
[17:12:37] [监控] 无待处理文件
[17:17:37] [监控] 无待处理文件
[17:22:38] [监控] 无待处理文件
[17:27:38] [监控] 无待处理文件
[17:32:38] [监控] 无待处理文件
[17:37:38] [监控] 无待处理文件
[17:42:39] [监控] 无待处理文件
[17:47:39] [监控] 无待处理文件
[17:52:39] [监控] 无待处理文件
[17:57:39] [监控] 无待处理文件
[18:02:40] [监控] 无待处理文件
[18:07:40] [监控] 无待处理文件
[18:12:40] [监控] 无待处理文件
[18:17:40] [监控] 无待处理文件
[18:22:41] [监控] 无待处理文件
[18:27:41] [监控] 无待处理文件
[18:32:41] [监控] 无待处理文件
[18:37:41] [监控] 无待处理文件
[18:42:42] [监控] 无待处理文件
[18:47:43] [监控] 无待处理文件
[18:52:44] [监控] 无待处理文件
[18:57:45] [监控] 无待处理文件
[19:02:45] [监控] 无待处理文件
[19:07:46] [监控] 无待处理文件
[19:12:47] [监控] 无待处理文件
[19:17:48] [监控] 无待处理文件
[19:22:48] [监控] 无待处理文件
[19:27:48] [监控] 无待处理文件
[19:32:48] [监控] 无待处理文件
[19:37:49] [监控] 无待处理文件
[19:42:49] [监控] 无待处理文件
[19:47:49] [监控] 无待处理文件
[19:52:49] [监控] 无待处理文件
[19:57:50] [监控] 无待处理文件
[20:02:50] [监控] 无待处理文件
[20:07:50] [监控] 无待处理文件
[20:12:51] [监控] 无待处理文件
[20:17:51] [监控] 无待处理文件
[20:22:51] [监控] 无待处理文件
[20:27:51] [监控] 无待处理文件
[20:32:52] [监控] 无待处理文件
[20:37:52] [监控] 无待处理文件
[20:42:52] [监控] 无待处理文件
[20:47:52] [监控] 无待处理文件
[20:52:53] [监控] 无待处理文件
[20:57:53] [监控] 无待处理文件
[21:02:53] [监控] 无待处理文件
[21:07:53] [监控] 无待处理文件
[21:12:54] [监控] 无待处理文件
[21:17:54] [监控] 无待处理文件
[21:22:54] [监控] 无待处理文件
[21:27:54] [监控] 无待处理文件
[21:32:55] [监控] 无待处理文件
[21:37:55] [监控] 无待处理文件
[21:42:55] [监控] 无待处理文件
[21:47:55] [监控] 无待处理文件
[21:52:56] [监控] 无待处理文件
[21:57:56] [监控] 无待处理文件
[22:02:56] [监控] 无待处理文件
[22:07:56] [监控] 无待处理文件
[22:12:57] [监控] 无待处理文件
[22:17:57] [监控] 无待处理文件
[22:22:57] [监控] 无待处理文件
[22:27:57] [监控] 无待处理文件
[22:32:58] [监控] 无待处理文件
[22:37:58] [监控] 无待处理文件
[22:42:58] [监控] 无待处理文件
[22:47:58] [监控] 无待处理文件
[22:52:59] [监控] 无待处理文件
[22:57:59] [监控] 无待处理文件
[23:02:59] [监控] 无待处理文件
[23:07:59] [监控] 无待处理文件
[23:13:00] [监控] 无待处理文件
[23:18:00] [监控] 无待处理文件
[23:23:00] [监控] 无待处理文件
[23:28:00] [监控] 无待处理文件
[23:33:01] [监控] 无待处理文件
[23:38:01] [监控] 无待处理文件
[23:43:01] [监控] 无待处理文件
[23:48:01] [监控] 无待处理文件
[23:53:02] [监控] 无待处理文件
[23:58:02] [监控] 无待处理文件
[00:03:02] [监控] 无待处理文件
[00:08:02] [监控] 无待处理文件
[00:13:03] [监控] 无待处理文件
[00:18:03] [监控] 无待处理文件
[00:23:03] [监控] 无待处理文件
[00:28:04] [监控] 无待处理文件
[00:33:04] [监控] 无待处理文件
[00:38:04] [监控] 无待处理文件
[00:43:04] [监控] 无待处理文件
[00:48:05] [监控] 无待处理文件
[00:53:05] [监控] 无待处理文件
[00:58:05] [监控] 无待处理文件
[01:03:06] [监控] 无待处理文件
[01:08:06] [监控] 无待处理文件
[01:13:06] [监控] 无待处理文件
[01:18:06] [监控] 无待处理文件
[01:23:07] [监控] 无待处理文件
[01:28:07] [监控] 无待处理文件
[01:33:07] [监控] 无待处理文件
[01:38:07] [监控] 无待处理文件
[01:43:07] [监控] 无待处理文件
[01:48:08] [监控] 无待处理文件
[01:53:08] [监控] 无待处理文件
[01:58:08] [监控] 无待处理文件
[02:03:08] [监控] 无待处理文件
[02:08:09] [监控] 无待处理文件
[02:13:09] [监控] 无待处理文件
[02:18:09] [监控] 无待处理文件
[02:23:09] [监控] 无待处理文件
[02:28:10] [监控] 无待处理文件
[02:33:10] [监控] 无待处理文件
[02:38:10] [监控] 无待处理文件
[02:43:11] [监控] 无待处理文件
[02:48:11] [监控] 无待处理文件
[02:53:11] [监控] 无待处理文件
[02:58:11] [监控] 无待处理文件
[03:03:12] [监控] 无待处理文件
[03:08:12] [监控] 无待处理文件
[03:13:12] [监控] 无待处理文件
[03:18:12] [监控] 无待处理文件
[03:23:13] [监控] 无待处理文件
[03:28:13] [监控] 无待处理文件
[03:33:13] [监控] 无待处理文件
[03:38:13] [监控] 无待处理文件
[03:43:14] [监控] 无待处理文件
[03:48:14] [监控] 无待处理文件
[03:53:14] [监控] 无待处理文件
[03:58:14] [监控] 无待处理文件
[04:03:15] [监控] 无待处理文件
[04:08:15] [监控] 无待处理文件
[04:13:15] [监控] 无待处理文件
[04:18:15] [监控] 无待处理文件
[04:23:16] [监控] 无待处理文件
[04:28:16] [监控] 无待处理文件
[04:33:16] [监控] 无待处理文件
[04:38:16] [监控] 无待处理文件
[04:43:17] [监控] 无待处理文件
[04:48:17] [监控] 无待处理文件
[04:53:17] [监控] 无待处理文件
[04:58:17] [监控] 无待处理文件
[05:03:18] [监控] 无待处理文件
[05:08:18] [监控] 无待处理文件
[05:13:18] [监控] 无待处理文件
[05:18:18] [监控] 无待处理文件
[05:23:19] [监控] 无待处理文件
[05:28:19] [监控] 无待处理文件
[05:33:19] [监控] 无待处理文件
[05:38:19] [监控] 无待处理文件
[05:43:20] [监控] 无待处理文件
[05:48:20] [监控] 无待处理文件
[05:53:20] [监控] 无待处理文件
[05:58:20] [监控] 无待处理文件
[06:03:21] [监控] 无待处理文件
[06:08:21] [监控] 无待处理文件
[06:13:21] [监控] 无待处理文件
[06:18:21] [监控] 无待处理文件
[06:23:22] [监控] 无待处理文件
[06:28:22] [监控] 无待处理文件
[06:33:22] [监控] 无待处理文件
[06:38:22] [监控] 无待处理文件
[06:43:23] [监控] 无待处理文件
[06:48:23] [监控] 无待处理文件
[06:53:23] [监控] 无待处理文件
[06:58:24] [监控] 无待处理文件
[07:03:24] [监控] 无待处理文件
[07:08:24] [监控] 无待处理文件
[07:13:24] [监控] 无待处理文件
[07:18:25] [监控] 无待处理文件
[07:23:25] [监控] 无待处理文件
[07:28:25] [监控] 无待处理文件
[07:33:25] [监控] 无待处理文件
[07:38:26] [监控] 无待处理文件
[07:43:26] [监控] 无待处理文件
[07:48:26] [监控] 无待处理文件
[07:53:27] [监控] 无待处理文件
[07:58:27] [监控] 无待处理文件
[08:03:27] [监控] 无待处理文件
[08:08:27] [监控] 无待处理文件
[08:13:28] [监控] 无待处理文件
[08:18:28] [监控] 无待处理文件
[08:23:28] [监控] 无待处理文件
[08:28:28] [监控] 无待处理文件
[08:33:29] [监控] 无待处理文件
[08:38:29] [监控] 无待处理文件
[08:43:29] [监控] 无待处理文件
[08:48:29] [监控] 无待处理文件
[08:53:30] [监控] 无待处理文件
[08:58:30] [监控] 无待处理文件
[09:03:30] [监控] 无待处理文件
[09:08:30] [监控] 无待处理文件
[09:13:31] [监控] 无待处理文件
[09:18:31] [监控] 无待处理文件
[09:23:31] [监控] 无待处理文件
[09:28:31] [监控] 无待处理文件
[09:33:32] [监控] 无待处理文件
[09:38:32] [监控] 无待处理文件
[09:43:32] [监控] 无待处理文件
[09:48:32] [监控] 无待处理文件
[09:53:33] [监控] 无待处理文件
[09:58:33] [监控] 无待处理文件
[10:03:33] [监控] 无待处理文件
[10:08:33] [监控] 无待处理文件
[10:13:34] [监控] 无待处理文件
[10:18:34] [监控] 无待处理文件
[10:23:34] [监控] 无待处理文件
[10:28:34] [监控] 无待处理文件
[10:33:35] [监控] 无待处理文件
[10:38:35] [监控] 无待处理文件
[10:43:35] [监控] 无待处理文件
[10:48:35] [监控] 无待处理文件
[10:53:36] [监控] 无待处理文件
[10:58:36] [监控] 无待处理文件
[11:03:36] [监控] 无待处理文件
[11:08:37] [监控] 无待处理文件
[11:13:37] [监控] 无待处理文件
[11:18:37] [监控] 无待处理文件
[11:23:37] [监控] 无待处理文件
[11:28:38] [监控] 无待处理文件
[11:33:38] [监控] 无待处理文件
[11:38:38] [监控] 无待处理文件
[11:43:38] [监控] 无待处理文件
[11:48:39] [监控] 无待处理文件
[11:53:39] [监控] 无待处理文件
[11:58:39] [监控] 无待处理文件
[12:03:39] [监控] 无待处理文件
[12:08:40] [监控] 无待处理文件
[12:13:40] [监控] 无待处理文件
[12:18:40] [监控] 无待处理文件
[12:23:41] [监控] 无待处理文件
[12:28:44] [监控] 无待处理文件
[12:33:44] [监控] 无待处理文件
[12:38:44] [监控] 无待处理文件
[12:43:45] [监控] 无待处理文件
[12:48:45] [监控] 无待处理文件
[12:53:45] [监控] 无待处理文件
[12:58:45] [监控] 无待处理文件
[13:03:46] [监控] 无待处理文件
[13:08:46] [监控] 无待处理文件
[13:13:46] [监控] 无待处理文件
**********************
PowerShell 记录开始
开始时间: 20260922131847
用户名: STATION\Joker
RunAs 用户: STATION\Joker
配置名称: 
计算机: STATION (Microsoft Windows NT 10.0.26200.0)
主机应用程序: C:\Program Files\PowerShell\7\pwsh.dll -NoProfile -ExecutionPolicy Bypass -WindowStyle Hidden -File D:\Repos\Scripts\Watch_Downloads.ps1
进程 ID: 42656
PSVersion: 7.6.6
PSEdition: Core
GitCommitId: 7.6.6
OS: Microsoft Windows 10.0.26200
Platform: Win32NT
PSCompatibleVersions: 1.0, 2.0, 3.0, 4.0, 5.0, 5.1, 6.0, 7.0
PSRemotingProtocolVersion: 2.4
SerializationVersion: 1.1.0.1
WSManStackVersion: 3.0
**********************
✅ 找到转换脚本: D:\Repos\Scripts\Convert_to_Mp4_Srt.ps1
==========================================
   文件夹监控已启动
==========================================

📂 监控路径:
   D:\Videos

功能:
   • 视频格式转换 (MP4+H.264)
   • 字幕格式转换 (VTT/ASS/SSA/SUB → SRT)
   • NSFW 内容检测和自动分类
   • NSFW → \\192.168.1.111\data\Scenes
   • 普通 → \\192.168.1.111\data\Movies

支持格式: TS, AVI, MKV, MOV, WMV, FLV, WEBM, MP4, VTT, ASS, SSA, SUB, SRT等
按 Ctrl+C 停止监控

==========================================
   正在扫描已存在的文件...
==========================================

没有找到需要处理的文件

监控已启动，等待文件变化...

轮询间隔: 每 5 分钟

[13:23:49] [监控] 无待处理文件
[13:28:49] [监控] 无待处理文件
[13:33:49] [监控] 无待处理文件
[13:38:49] [监控] 无待处理文件
[13:43:50] [监控] 无待处理文件
[13:48:50] [监控] 无待处理文件
[13:53:50] [监控] 无待处理文件
[13:58:50] [监控] 无待处理文件
[14:03:51] [监控] 无待处理文件
[14:08:51] [监控] 无待处理文件
[14:13:51] [监控] 无待处理文件
[14:18:51] [监控] 无待处理文件
[14:23:52] [监控] 无待处理文件
[14:28:52] [监控] 无待处理文件
[14:33:52] [监控] 无待处理文件
[14:38:52] [监控] 无待处理文件
[14:43:53] [监控] 无待处理文件
[14:48:53] [监控] 无待处理文件
[14:53:53] [监控] 无待处理文件
[14:58:53] [监控] 无待处理文件
[15:03:54] [监控] 无待处理文件
[15:08:54] [监控] 无待处理文件
[15:13:54] [监控] 无待处理文件
[15:18:54] [监控] 无待处理文件
[15:23:55] [监控] 无待处理文件
[15:28:55] [监控] 无待处理文件
[15:33:55] [监控] 无待处理文件
[15:38:55] [监控] 无待处理文件
[15:43:56] [监控] 无待处理文件
[15:48:56] [监控] 无待处理文件
[15:53:56] [监控] 无待处理文件
[15:58:56] [监控] 无待处理文件
[16:03:57] [监控] 无待处理文件
[16:08:57] [监控] 无待处理文件
[16:13:57] [监控] 无待处理文件
[16:18:57] [监控] 无待处理文件
[16:23:58] [监控] 无待处理文件
[16:28:58] [监控] 无待处理文件
[16:33:58] [监控] 无待处理文件
[16:38:58] [监控] 无待处理文件
[16:43:59] [监控] 无待处理文件
[16:48:59] [监控] 无待处理文件
[16:53:59] [监控] 无待处理文件
[16:59:00] [监控] 无待处理文件
[17:04:00] [监控] 无待处理文件
[17:09:00] [监控] 无待处理文件
[17:14:00] [监控] 无待处理文件
[17:19:01] [监控] 无待处理文件
[17:24:01] [监控] 无待处理文件
[17:29:01] [监控] 无待处理文件
[17:34:01] [监控] 无待处理文件
[17:39:02] [监控] 无待处理文件
[17:44:02] [监控] 无待处理文件
[17:49:02] [监控] 无待处理文件
[17:54:02] [监控] 无待处理文件
[17:59:03] [监控] 无待处理文件
[18:04:03] [监控] 无待处理文件
[18:09:03] [监控] 无待处理文件
[18:14:03] [监控] 无待处理文件
[18:19:04] [监控] 无待处理文件
[18:24:04] [监控] 无待处理文件
[18:29:04] [监控] 无待处理文件
[18:34:05] [监控] 无待处理文件
[18:39:05] [监控] 无待处理文件
[18:44:05] [监控] 无待处理文件
[18:49:05] [监控] 无待处理文件
[18:54:06] [监控] 无待处理文件
[18:59:06] [监控] 无待处理文件
[19:04:06] [监控] 无待处理文件
[19:09:06] [监控] 无待处理文件
[19:14:07] [监控] 无待处理文件
[19:19:07] [监控] 无待处理文件
[19:24:07] [监控] 无待处理文件
[19:29:07] [监控] 无待处理文件
[19:34:08] [监控] 无待处理文件
[19:39:08] [监控] 无待处理文件
[19:44:08] [监控] 无待处理文件
[19:49:08] [监控] 无待处理文件
[19:54:09] [监控] 无待处理文件
[19:59:09] [监控] 无待处理文件
[20:04:09] [监控] 无待处理文件
[20:09:09] [监控] 无待处理文件
[20:14:10] [监控] 无待处理文件
[20:19:10] [监控] 无待处理文件
[20:24:10] [监控] 无待处理文件
[20:29:10] [监控] 无待处理文件
[20:34:11] [监控] 无待处理文件
[20:39:11] [监控] 无待处理文件
[20:44:11] [监控] 无待处理文件
[20:49:11] [监控] 无待处理文件
[20:54:12] [监控] 无待处理文件
[20:59:12] [监控] 无待处理文件
[21:04:12] [监控] 无待处理文件
[21:09:12] [监控] 无待处理文件
[21:14:13] [监控] 无待处理文件
[21:19:13] [监控] 无待处理文件
[21:24:13] [监控] 无待处理文件
[21:29:13] [监控] 无待处理文件
[21:34:14] [监控] 无待处理文件
[21:39:14] [监控] 无待处理文件
[21:44:14] [监控] 无待处理文件
[21:49:14] [监控] 无待处理文件
[21:54:15] [监控] 无待处理文件
[21:59:15] [监控] 无待处理文件
[22:04:15] [监控] 无待处理文件
[22:09:15] [监控] 无待处理文件
[22:14:16] [监控] 无待处理文件
[22:19:16] [监控] 无待处理文件
[22:24:16] [监控] 无待处理文件
[22:29:17] [监控] 无待处理文件
[22:34:17] [监控] 无待处理文件
[22:39:17] [监控] 无待处理文件
[22:44:17] [监控] 无待处理文件
[22:49:18] [监控] 无待处理文件
[22:54:18] [监控] 无待处理文件
[22:59:18] [监控] 无待处理文件
[23:04:18] [监控] 无待处理文件
[23:09:18] [监控] 无待处理文件
[23:14:19] [监控] 无待处理文件
[23:19:19] [监控] 无待处理文件
[23:24:19] [监控] 无待处理文件
[23:29:20] [监控] 无待处理文件
[23:34:20] [监控] 无待处理文件
[23:39:20] [监控] 无待处理文件
[23:44:20] [监控] 无待处理文件
[23:49:20] [监控] 无待处理文件
[23:54:21] [监控] 无待处理文件
[23:59:21] [监控] 无待处理文件
[00:04:21] [监控] 无待处理文件
[00:09:22] [监控] 无待处理文件
[00:14:22] [监控] 无待处理文件
[00:19:22] [监控] 无待处理文件
[00:24:22] [监控] 无待处理文件
[00:29:23] [监控] 无待处理文件
[00:34:23] [监控] 无待处理文件
[00:39:23] [监控] 无待处理文件
[00:44:23] [监控] 无待处理文件
[00:49:24] [监控] 无待处理文件
[00:54:24] [监控] 无待处理文件
[00:59:24] [监控] 无待处理文件
[01:04:24] [监控] 无待处理文件
[01:09:25] [监控] 无待处理文件
[01:14:25] [监控] 无待处理文件
[01:19:25] [监控] 无待处理文件
[01:24:25] [监控] 无待处理文件
[01:29:26] [监控] 无待处理文件
[01:34:26] [监控] 无待处理文件
[01:39:26] [监控] 无待处理文件
[01:44:26] [监控] 无待处理文件
[01:49:27] [监控] 无待处理文件
[01:54:27] [监控] 无待处理文件
[01:59:27] [监控] 无待处理文件
[02:04:27] [监控] 无待处理文件
[02:09:28] [监控] 无待处理文件
[02:14:28] [监控] 无待处理文件
[02:19:28] [监控] 无待处理文件
[02:24:28] [监控] 无待处理文件
[02:29:29] [监控] 无待处理文件
[02:34:29] [监控] 无待处理文件
[02:39:29] [监控] 无待处理文件
[02:44:29] [监控] 无待处理文件
[02:49:30] [监控] 无待处理文件
[02:54:30] [监控] 无待处理文件
[02:59:30] [监控] 无待处理文件
[03:04:30] [监控] 无待处理文件
[03:09:31] [监控] 无待处理文件
[03:14:31] [监控] 无待处理文件
[03:19:31] [监控] 无待处理文件
[03:24:31] [监控] 无待处理文件
[03:29:32] [监控] 无待处理文件
[03:34:32] [监控] 无待处理文件
[03:39:32] [监控] 无待处理文件
[03:44:32] [监控] 无待处理文件
[03:49:33] [监控] 无待处理文件
[03:54:33] [监控] 无待处理文件
[03:59:33] [监控] 无待处理文件
[04:04:33] [监控] 无待处理文件
[04:09:34] [监控] 无待处理文件
[04:14:34] [监控] 无待处理文件
[04:19:34] [监控] 无待处理文件
[04:24:34] [监控] 无待处理文件
[04:29:35] [监控] 无待处理文件
[04:34:35] [监控] 无待处理文件
[04:39:35] [监控] 无待处理文件
[04:44:35] [监控] 无待处理文件
[04:49:36] [监控] 无待处理文件
[04:54:36] [监控] 无待处理文件
[04:59:36] [监控] 无待处理文件
[05:04:36] [监控] 无待处理文件
[05:09:37] [监控] 无待处理文件
[05:12:07] [处理] 发现文件: 【会员专享】第17期：如今这个社会，还需要读书吗？200910.mp4 (D:\Videos)
  🔊 音频响度标准化: 【会员专享】第17期：如今这个社会，还需要读书吗？200910.mp4
  📏 第一遍：测量音频响度...
  🔊 第二遍：应用响度标准化 (输入 -15.40 LUFS → -16 LUFS)...
  🔍 校验输出音轨...
  ✅ 音频标准化完成
  🔍 正在进行 NSFW 检测...
PS>TerminatingError(ConvertFrom-Json): "从 JSON 转换失败，出现错误: Unexpected character encountered while parsing value: E. Path '', line 0, position 0."
  🔞 检测结果: NSFW
  📁 目标: Scenes (NSFW)
  ✅ 已移动
[05:17:16] [监控] 无待处理文件
[05:22:16] [监控] 无待处理文件
[05:27:16] [监控] 无待处理文件
[05:32:16] [监控] 无待处理文件
[05:37:17] [监控] 无待处理文件
[05:42:17] [监控] 无待处理文件
[05:47:17] [监控] 无待处理文件
[05:52:17] [监控] 无待处理文件
[05:57:17] [监控] 无待处理文件
[06:02:18] [监控] 无待处理文件
[06:07:18] [监控] 无待处理文件
[06:12:18] [监控] 无待处理文件
[06:17:18] [监控] 无待处理文件
[06:22:19] [监控] 无待处理文件
[06:27:19] [监控] 无待处理文件
[06:32:19] [监控] 无待处理文件
[06:37:19] [监控] 无待处理文件
[06:42:20] [监控] 无待处理文件
[06:47:20] [监控] 无待处理文件
[06:52:20] [监控] 无待处理文件
[06:57:20] [监控] 无待处理文件
[07:02:21] [监控] 无待处理文件
[07:07:21] [监控] 无待处理文件
[07:12:21] [监控] 无待处理文件
[07:17:21] [监控] 无待处理文件
[07:22:22] [监控] 无待处理文件
[07:27:22] [监控] 无待处理文件
[07:32:22] [监控] 无待处理文件
[07:37:22] [监控] 无待处理文件
[07:42:23] [监控] 无待处理文件
[07:47:23] [监控] 无待处理文件
[07:52:23] [监控] 无待处理文件
[07:57:23] [监控] 无待处理文件
[08:02:24] [监控] 无待处理文件
[08:07:24] [监控] 无待处理文件
[08:12:24] [监控] 无待处理文件
[08:17:24] [监控] 无待处理文件
[08:22:25] [监控] 无待处理文件
[08:27:25] [监控] 无待处理文件
[08:32:25] [监控] 无待处理文件
[08:37:25] [监控] 无待处理文件
[08:42:25] [监控] 无待处理文件
[08:47:26] [监控] 无待处理文件
[08:52:26] [监控] 无待处理文件
[08:57:26] [监控] 无待处理文件
[09:02:27] [监控] 无待处理文件
[09:07:27] [监控] 无待处理文件
[09:12:27] [监控] 无待处理文件
[09:17:27] [监控] 无待处理文件
[09:22:28] [监控] 无待处理文件
[09:27:28] [监控] 无待处理文件
[09:32:28] [监控] 无待处理文件
[09:37:28] [监控] 无待处理文件
[09:42:29] [监控] 无待处理文件
[09:47:29] [监控] 无待处理文件
[09:52:29] [监控] 无待处理文件
[09:57:29] [监控] 无待处理文件
[10:02:30] [监控] 无待处理文件
[10:07:30] [监控] 无待处理文件
[10:12:30] [监控] 无待处理文件
[10:17:30] [监控] 无待处理文件
[10:22:31] [监控] 无待处理文件
[10:27:31] [监控] 无待处理文件
[10:32:31] [监控] 无待处理文件
[10:37:31] [监控] 无待处理文件
[10:42:31] [监控] 无待处理文件
[10:47:32] [监控] 无待处理文件
[10:52:32] [监控] 无待处理文件
[10:57:32] [监控] 无待处理文件
[11:02:32] [监控] 无待处理文件
[11:07:33] [监控] 无待处理文件
[11:12:35] [监控] 无待处理文件
[11:17:36] [监控] 无待处理文件
[11:22:36] [监控] 无待处理文件
[11:27:36] [监控] 无待处理文件
[11:32:36] [监控] 无待处理文件
[11:37:37] [监控] 无待处理文件
[11:42:37] [监控] 无待处理文件
[11:47:37] [监控] 无待处理文件
[11:52:37] [监控] 无待处理文件
[11:57:38] [监控] 无待处理文件
[12:02:38] [监控] 无待处理文件
[12:07:38] [监控] 无待处理文件
[12:12:38] [监控] 无待处理文件
[12:17:39] [监控] 无待处理文件
[12:22:39] [监控] 无待处理文件
[12:27:39] [监控] 无待处理文件
[12:32:39] [监控] 无待处理文件
[12:37:40] [监控] 无待处理文件
[12:42:40] [监控] 无待处理文件
[12:47:40] [监控] 无待处理文件
[12:52:40] [监控] 无待处理文件
[12:57:41] [监控] 无待处理文件
[13:02:41] [监控] 无待处理文件
[13:07:41] [监控] 无待处理文件
[13:12:41] [监控] 无待处理文件
[13:17:42] [监控] 无待处理文件
[13:22:42] [监控] 无待处理文件
[13:27:42] [监控] 无待处理文件
[13:32:42] [监控] 无待处理文件
[13:37:43] [监控] 无待处理文件
[13:42:43] [监控] 无待处理文件
[13:47:43] [监控] 无待处理文件
[13:52:43] [监控] 无待处理文件
[13:57:44] [监控] 无待处理文件
[14:02:44] [监控] 无待处理文件
[14:07:44] [监控] 无待处理文件
[14:12:44] [监控] 无待处理文件
[14:17:45] [监控] 无待处理文件
[14:22:45] [监控] 无待处理文件
[14:27:45] [监控] 无待处理文件
[14:32:45] [监控] 无待处理文件
[14:37:46] [监控] 无待处理文件
[14:42:46] [监控] 无待处理文件
[14:47:46] [监控] 无待处理文件
[14:52:46] [监控] 无待处理文件
[14:57:47] [监控] 无待处理文件
[15:02:47] [监控] 无待处理文件
[15:07:47] [监控] 无待处理文件
[15:12:48] [监控] 无待处理文件
[15:17:48] [监控] 无待处理文件
[15:22:48] [监控] 无待处理文件
[15:27:48] [监控] 无待处理文件
[15:32:49] [监控] 无待处理文件
[15:37:49] [监控] 无待处理文件
[15:42:49] [监控] 无待处理文件
[15:47:49] [监控] 无待处理文件
[15:52:50] [监控] 无待处理文件
[15:57:50] [监控] 无待处理文件
[16:02:50] [监控] 无待处理文件
[16:07:50] [监控] 无待处理文件
[16:12:51] [监控] 无待处理文件
[16:17:51] [监控] 无待处理文件
[16:22:51] [监控] 无待处理文件
[16:27:51] [监控] 无待处理文件
[16:32:51] [监控] 无待处理文件
[16:37:52] [监控] 无待处理文件
[16:42:52] [监控] 无待处理文件
[16:47:52] [监控] 无待处理文件
[16:52:53] [监控] 无待处理文件
[16:57:53] [监控] 无待处理文件
[17:02:53] [监控] 无待处理文件
[17:07:53] [监控] 无待处理文件
[17:12:54] [监控] 无待处理文件
[17:17:54] [监控] 无待处理文件
[17:22:54] [监控] 无待处理文件
[17:27:54] [监控] 无待处理文件
[17:32:54] [监控] 无待处理文件
[17:37:55] [监控] 无待处理文件
[17:42:55] [监控] 无待处理文件
[17:47:55] [监控] 无待处理文件
[17:52:55] [监控] 无待处理文件
[17:57:56] [监控] 无待处理文件
[18:02:56] [监控] 无待处理文件
[18:07:56] [监控] 无待处理文件
[18:12:56] [监控] 无待处理文件
[18:17:57] [监控] 无待处理文件
[18:22:57] [监控] 无待处理文件
[18:27:57] [监控] 无待处理文件
[18:32:57] [监控] 无待处理文件
[18:37:58] [监控] 无待处理文件
[18:42:58] [监控] 无待处理文件
[18:47:58] [监控] 无待处理文件
[18:52:58] [监控] 无待处理文件
[18:57:59] [监控] 无待处理文件
[19:02:59] [监控] 无待处理文件
[19:07:59] [监控] 无待处理文件
[19:12:59] [监控] 无待处理文件
[19:17:59] [监控] 无待处理文件
[19:23:00] [监控] 无待处理文件
[19:28:00] [监控] 无待处理文件
[19:33:00] [监控] 无待处理文件
[19:38:00] [监控] 无待处理文件
[19:43:01] [监控] 无待处理文件
[19:48:01] [监控] 无待处理文件
[19:53:01] [监控] 无待处理文件
[19:58:01] [监控] 无待处理文件
[20:03:02] [监控] 无待处理文件
[20:08:02] [监控] 无待处理文件
[20:13:02] [监控] 无待处理文件
[20:18:02] [监控] 无待处理文件
[20:23:03] [监控] 无待处理文件
[20:28:03] [监控] 无待处理文件
[20:33:03] [监控] 无待处理文件
[20:38:03] [监控] 无待处理文件
[20:43:04] [监控] 无待处理文件
[20:48:04] [监控] 无待处理文件
[20:53:04] [监控] 无待处理文件
[20:58:04] [监控] 无待处理文件
[21:03:05] [监控] 无待处理文件
[21:08:05] [监控] 无待处理文件
[21:13:05] [监控] 无待处理文件
[21:18:05] [监控] 无待处理文件
[21:23:06] [监控] 无待处理文件
[21:28:06] [监控] 无待处理文件
[21:33:06] [监控] 无待处理文件
[21:38:06] [监控] 无待处理文件
[21:43:07] [监控] 无待处理文件
[21:48:07] [监控] 无待处理文件
[21:53:07] [监控] 无待处理文件
[21:58:07] [监控] 无待处理文件
[22:03:08] [监控] 无待处理文件
[22:08:08] [监控] 无待处理文件
[22:13:08] [监控] 无待处理文件
[22:18:08] [监控] 无待处理文件
[22:23:08] [监控] 无待处理文件
[22:28:09] [监控] 无待处理文件
[22:33:09] [监控] 无待处理文件
[22:38:09] [监控] 无待处理文件
[22:43:09] [监控] 无待处理文件
[22:48:10] [监控] 无待处理文件
[22:53:10] [监控] 无待处理文件
[22:58:10] [监控] 无待处理文件
[23:03:10] [监控] 无待处理文件
[23:08:11] [监控] 无待处理文件
[23:13:11] [监控] 无待处理文件
[23:18:11] [监控] 无待处理文件
[23:23:11] [监控] 无待处理文件
[23:28:12] [监控] 无待处理文件
[23:33:12] [监控] 无待处理文件
[23:38:12] [监控] 无待处理文件
[23:43:12] [监控] 无待处理文件
[23:48:13] [监控] 无待处理文件
[23:53:13] [监控] 无待处理文件
[23:58:13] [监控] 无待处理文件
[00:03:14] [监控] 无待处理文件
[00:08:14] [监控] 无待处理文件
[00:13:14] [监控] 无待处理文件
[00:18:14] [监控] 无待处理文件
[00:23:15] [监控] 无待处理文件
[00:28:15] [监控] 无待处理文件
[00:33:15] [监控] 无待处理文件
[00:38:15] [监控] 无待处理文件
[00:43:16] [监控] 无待处理文件
[00:48:16] [监控] 无待处理文件
[00:53:16] [监控] 无待处理文件
[00:58:16] [监控] 无待处理文件
[01:03:17] [监控] 无待处理文件
[01:08:17] [监控] 无待处理文件
[01:13:17] [监控] 无待处理文件
[01:18:17] [监控] 无待处理文件
[01:23:18] [监控] 无待处理文件
[01:28:18] [监控] 无待处理文件
[01:33:18] [监控] 无待处理文件
[01:38:18] [监控] 无待处理文件
[01:43:19] [监控] 无待处理文件
[01:48:19] [监控] 无待处理文件
[01:53:19] [监控] 无待处理文件
[01:58:19] [监控] 无待处理文件
[02:03:20] [监控] 无待处理文件
[02:08:20] [监控] 无待处理文件
[02:13:20] [监控] 无待处理文件
[02:18:20] [监控] 无待处理文件
[02:23:21] [监控] 无待处理文件
[02:28:21] [监控] 无待处理文件
[02:33:21] [监控] 无待处理文件
[02:38:21] [监控] 无待处理文件
[02:43:22] [监控] 无待处理文件
[02:48:22] [监控] 无待处理文件
[02:53:22] [监控] 无待处理文件
[02:58:22] [监控] 无待处理文件
[03:03:23] [监控] 无待处理文件
[03:08:23] [监控] 无待处理文件
[03:13:23] [监控] 无待处理文件
[03:18:23] [监控] 无待处理文件
[03:23:24] [监控] 无待处理文件
[03:28:24] [监控] 无待处理文件
[03:33:24] [监控] 无待处理文件
[03:38:25] [监控] 无待处理文件
[03:43:25] [监控] 无待处理文件
[03:48:25] [监控] 无待处理文件
[03:53:25] [监控] 无待处理文件
[03:58:26] [监控] 无待处理文件
[04:03:26] [监控] 无待处理文件
[04:08:26] [监控] 无待处理文件
[04:13:26] [监控] 无待处理文件
[04:18:27] [监控] 无待处理文件
[04:23:27] [监控] 无待处理文件
[04:28:27] [监控] 无待处理文件
[04:33:27] [监控] 无待处理文件
[04:38:27] [监控] 无待处理文件
[04:43:28] [监控] 无待处理文件
[04:48:28] [监控] 无待处理文件
[04:53:28] [监控] 无待处理文件
[04:58:29] [监控] 无待处理文件
[05:03:29] [监控] 无待处理文件
[05:08:29] [监控] 无待处理文件
[05:13:29] [监控] 无待处理文件
[05:18:30] [监控] 无待处理文件
[05:23:30] [监控] 无待处理文件
[05:28:30] [监控] 无待处理文件
[05:33:30] [监控] 无待处理文件
[05:38:31] [监控] 无待处理文件
[05:43:31] [监控] 无待处理文件
[05:48:31] [监控] 无待处理文件
[05:53:31] [监控] 无待处理文件
[05:58:32] [监控] 无待处理文件
[06:03:32] [监控] 无待处理文件
[06:08:32] [监控] 无待处理文件
[06:13:32] [监控] 无待处理文件
[06:18:33] [监控] 无待处理文件
[06:23:33] [监控] 无待处理文件
[06:28:33] [监控] 无待处理文件
[06:33:33] [监控] 无待处理文件
[06:38:34] [监控] 无待处理文件
[06:43:34] [监控] 无待处理文件
[06:48:34] [监控] 无待处理文件
[06:53:35] [监控] 无待处理文件
[06:58:35] [监控] 无待处理文件
[07:03:35] [监控] 无待处理文件
[07:08:35] [监控] 无待处理文件
[07:13:36] [监控] 无待处理文件
[07:18:36] [监控] 无待处理文件
[07:23:36] [监控] 无待处理文件
[07:28:36] [监控] 无待处理文件
[07:33:37] [监控] 无待处理文件
[07:38:37] [监控] 无待处理文件
[07:43:37] [监控] 无待处理文件
[07:48:38] [监控] 无待处理文件
[07:53:38] [监控] 无待处理文件
[07:58:38] [监控] 无待处理文件
[08:03:38] [监控] 无待处理文件
[08:08:39] [监控] 无待处理文件
[08:13:39] [监控] 无待处理文件
[08:18:40] [监控] 无待处理文件
[08:23:40] [监控] 无待处理文件
[08:28:40] [监控] 无待处理文件
[08:33:41] [监控] 无待处理文件
[08:38:41] [监控] 无待处理文件
[08:43:41] [监控] 无待处理文件
[08:48:42] [监控] 无待处理文件
[08:53:42] [监控] 无待处理文件
[08:58:42] [监控] 无待处理文件
[09:03:43] [监控] 无待处理文件
[09:08:43] [监控] 无待处理文件
[09:13:43] [监控] 无待处理文件
[09:18:44] [监控] 无待处理文件
[09:23:44] [监控] 无待处理文件
[09:28:44] [监控] 无待处理文件
[09:33:45] [监控] 无待处理文件
[09:38:45] [监控] 无待处理文件
[09:43:46] [监控] 无待处理文件
[09:48:46] [监控] 无待处理文件
[09:53:46] [监控] 无待处理文件
[09:58:46] [监控] 无待处理文件
[10:03:47] [监控] 无待处理文件
[10:08:47] [监控] 无待处理文件
[10:13:47] [监控] 无待处理文件
[10:18:47] [监控] 无待处理文件
[10:23:50] [监控] 无待处理文件
[10:28:50] [监控] 无待处理文件
[10:33:51] [监控] 无待处理文件
[10:38:51] [监控] 无待处理文件
[10:43:51] [监控] 无待处理文件
[10:48:51] [监控] 无待处理文件
[10:53:52] [监控] 无待处理文件
[10:58:52] [监控] 无待处理文件
[11:03:52] [监控] 无待处理文件
[11:08:52] [监控] 无待处理文件
[11:13:53] [监控] 无待处理文件
[11:18:53] [监控] 无待处理文件
[11:23:53] [监控] 无待处理文件
[11:28:53] [监控] 无待处理文件
[11:33:54] [监控] 无待处理文件
[11:38:54] [监控] 无待处理文件
[11:43:54] [监控] 无待处理文件
[11:48:54] [监控] 无待处理文件
[11:53:55] [监控] 无待处理文件
[11:58:55] [监控] 无待处理文件
[12:03:55] [监控] 无待处理文件
[12:08:55] [监控] 无待处理文件
[12:13:55] [监控] 无待处理文件
[12:18:56] [监控] 无待处理文件
[12:23:56] [监控] 无待处理文件
[12:28:56] [监控] 无待处理文件
[12:33:56] [监控] 无待处理文件
[12:38:57] [监控] 无待处理文件
[12:43:57] [监控] 无待处理文件
[12:48:57] [监控] 无待处理文件
[12:53:58] [监控] 无待处理文件
[12:58:58] [监控] 无待处理文件
[13:03:58] [监控] 无待处理文件
[13:08:58] [监控] 无待处理文件
[13:13:59] [监控] 无待处理文件
[13:18:59] [监控] 无待处理文件
[13:23:59] [监控] 无待处理文件
[13:28:59] [监控] 无待处理文件
[13:34:00] [监控] 无待处理文件
[13:39:00] [监控] 无待处理文件
[13:44:00] [监控] 无待处理文件
[13:49:00] [监控] 无待处理文件
[13:54:01] [监控] 无待处理文件
[13:59:01] [监控] 无待处理文件
[14:04:01] [监控] 无待处理文件
[14:09:01] [监控] 无待处理文件
[14:14:02] [监控] 无待处理文件
[14:19:02] [监控] 无待处理文件
[14:24:02] [监控] 无待处理文件
[14:29:02] [监控] 无待处理文件
[14:34:03] [监控] 无待处理文件
[14:39:03] [监控] 无待处理文件
[14:44:03] [监控] 无待处理文件
[14:49:03] [监控] 无待处理文件
[14:54:04] [监控] 无待处理文件
[14:59:04] [监控] 无待处理文件
[15:04:04] [监控] 无待处理文件
[15:09:05] [监控] 无待处理文件
[15:14:05] [监控] 无待处理文件
[15:19:05] [监控] 无待处理文件
[15:24:05] [监控] 无待处理文件
[15:29:06] [监控] 无待处理文件
[15:34:06] [监控] 无待处理文件
[15:39:06] [监控] 无待处理文件
[15:44:06] [监控] 无待处理文件
[15:49:07] [监控] 无待处理文件
[15:54:07] [监控] 无待处理文件
[15:59:07] [监控] 无待处理文件
[16:04:07] [监控] 无待处理文件
[16:09:08] [监控] 无待处理文件
[16:14:08] [监控] 无待处理文件
[16:19:08] [监控] 无待处理文件
[16:24:08] [监控] 无待处理文件
[16:29:09] [监控] 无待处理文件
[16:34:09] [监控] 无待处理文件
[16:39:09] [监控] 无待处理文件
[16:44:09] [监控] 无待处理文件
[16:49:09] [监控] 无待处理文件
[16:54:10] [监控] 无待处理文件
[16:59:10] [监控] 无待处理文件
[17:04:10] [监控] 无待处理文件
[17:09:10] [监控] 无待处理文件
[17:14:11] [监控] 无待处理文件
[17:19:11] [监控] 无待处理文件
[17:24:11] [监控] 无待处理文件
[17:29:12] [监控] 无待处理文件
[17:34:12] [监控] 无待处理文件
[17:39:12] [监控] 无待处理文件
[17:44:12] [监控] 无待处理文件
[17:49:13] [监控] 无待处理文件
[17:54:13] [监控] 无待处理文件
[17:59:13] [监控] 无待处理文件
[18:04:13] [监控] 无待处理文件
[18:09:14] [监控] 无待处理文件
[18:14:14] [监控] 无待处理文件
[18:19:14] [监控] 无待处理文件
[18:24:14] [监控] 无待处理文件
[18:29:15] [监控] 无待处理文件
[18:34:15] [监控] 无待处理文件
[18:39:15] [监控] 无待处理文件
[18:44:15] [监控] 无待处理文件
[18:49:16] [监控] 无待处理文件
[18:54:16] [监控] 无待处理文件
[18:59:16] [监控] 无待处理文件
[19:04:16] [监控] 无待处理文件
[19:09:17] [监控] 无待处理文件
[19:14:17] [监控] 无待处理文件
[19:19:17] [监控] 无待处理文件
[19:24:17] [监控] 无待处理文件
[19:29:18] [监控] 无待处理文件
[19:34:18] [监控] 无待处理文件
[19:39:18] [监控] 无待处理文件
[19:44:18] [监控] 无待处理文件
[19:49:19] [监控] 无待处理文件
[19:54:19] [监控] 无待处理文件
[19:59:19] [监控] 无待处理文件
[20:04:19] [监控] 无待处理文件
[20:09:20] [监控] 无待处理文件
[20:14:20] [监控] 无待处理文件
[20:19:20] [监控] 无待处理文件
[20:24:20] [监控] 无待处理文件
[20:29:21] [监控] 无待处理文件
[20:34:21] [监控] 无待处理文件
[20:39:21] [监控] 无待处理文件
[20:44:21] [监控] 无待处理文件
[20:49:22] [监控] 无待处理文件
[20:54:22] [监控] 无待处理文件
[20:59:22] [监控] 无待处理文件
[21:04:23] [监控] 无待处理文件
[21:09:23] [监控] 无待处理文件
[21:14:23] [监控] 无待处理文件
[21:19:23] [监控] 无待处理文件
[21:24:24] [监控] 无待处理文件
[21:29:24] [监控] 无待处理文件
[21:34:24] [监控] 无待处理文件
[21:39:24] [监控] 无待处理文件
[21:44:25] [监控] 无待处理文件
[21:49:25] [监控] 无待处理文件
[21:54:25] [监控] 无待处理文件
[21:59:25] [监控] 无待处理文件
[22:04:26] [监控] 无待处理文件
[22:09:26] [监控] 无待处理文件
[22:14:26] [监控] 无待处理文件
[22:19:26] [监控] 无待处理文件
[22:24:27] [监控] 无待处理文件
[22:29:27] [监控] 无待处理文件
[22:34:27] [监控] 无待处理文件
[22:39:27] [监控] 无待处理文件
[22:44:28] [监控] 无待处理文件
[22:49:28] [监控] 无待处理文件
[22:54:28] [监控] 无待处理文件
[22:59:28] [监控] 无待处理文件
[23:04:29] [监控] 无待处理文件
[23:09:29] [监控] 无待处理文件
[23:14:29] [监控] 无待处理文件
[23:19:29] [监控] 无待处理文件
[23:24:30] [监控] 无待处理文件
[23:29:30] [监控] 无待处理文件
[23:34:30] [监控] 无待处理文件
[23:39:30] [监控] 无待处理文件
[23:44:31] [监控] 无待处理文件
[23:49:31] [监控] 无待处理文件
[23:54:31] [监控] 无待处理文件
[23:59:31] [监控] 无待处理文件
[00:04:32] [监控] 无待处理文件
[00:09:32] [监控] 无待处理文件
[00:14:32] [监控] 无待处理文件
[00:19:32] [监控] 无待处理文件
[00:24:33] [监控] 无待处理文件
[00:29:33] [监控] 无待处理文件
[00:34:33] [监控] 无待处理文件
[00:39:33] [监控] 无待处理文件
[00:44:34] [监控] 无待处理文件
[00:49:34] [监控] 无待处理文件
[00:54:34] [监控] 无待处理文件
[00:59:35] [监控] 无待处理文件
[01:04:35] [监控] 无待处理文件
[01:09:35] [监控] 无待处理文件
[01:14:35] [监控] 无待处理文件
[01:19:36] [监控] 无待处理文件
[01:24:36] [监控] 无待处理文件
[01:29:36] [监控] 无待处理文件
[01:34:36] [监控] 无待处理文件
[01:39:37] [监控] 无待处理文件
[01:44:37] [监控] 无待处理文件
[01:49:37] [监控] 无待处理文件
[01:54:37] [监控] 无待处理文件
[01:59:38] [监控] 无待处理文件
[02:04:38] [监控] 无待处理文件
[02:09:38] [监控] 无待处理文件
[02:14:38] [监控] 无待处理文件
[02:19:39] [监控] 无待处理文件
[02:24:39] [监控] 无待处理文件
[02:29:39] [监控] 无待处理文件
[02:34:40] [监控] 无待处理文件
[02:39:40] [监控] 无待处理文件
[02:44:40] [监控] 无待处理文件
[02:49:40] [监控] 无待处理文件
[02:54:41] [监控] 无待处理文件
[02:59:41] [监控] 无待处理文件
[03:04:41] [监控] 无待处理文件
[03:09:42] [监控] 无待处理文件
[03:14:42] [监控] 无待处理文件
[03:19:42] [监控] 无待处理文件
[03:24:42] [监控] 无待处理文件
[03:29:43] [监控] 无待处理文件
[03:34:43] [监控] 无待处理文件
[03:39:43] [监控] 无待处理文件
[03:44:43] [监控] 无待处理文件
[03:49:44] [监控] 无待处理文件
[03:54:44] [监控] 无待处理文件
[03:59:44] [监控] 无待处理文件
[04:04:44] [监控] 无待处理文件
[04:09:45] [监控] 无待处理文件
[04:14:45] [监控] 无待处理文件
[04:19:45] [监控] 无待处理文件
[04:24:46] [监控] 无待处理文件
[04:29:46] [监控] 无待处理文件
[04:34:46] [监控] 无待处理文件
[04:39:46] [监控] 无待处理文件
[04:44:46] [监控] 无待处理文件
[04:49:47] [监控] 无待处理文件
[04:54:47] [监控] 无待处理文件
[04:59:47] [监控] 无待处理文件
[05:04:47] [监控] 无待处理文件
[05:09:48] [监控] 无待处理文件
[05:14:48] [监控] 无待处理文件
[05:19:48] [监控] 无待处理文件
[05:24:49] [监控] 无待处理文件
[05:29:49] [监控] 无待处理文件
[05:34:49] [监控] 无待处理文件
[05:39:49] [监控] 无待处理文件
[05:44:50] [监控] 无待处理文件
[05:49:50] [监控] 无待处理文件
[05:54:50] [监控] 无待处理文件
[05:59:50] [监控] 无待处理文件
[06:04:51] [监控] 无待处理文件
[06:09:51] [监控] 无待处理文件
[06:14:51] [监控] 无待处理文件
[06:19:51] [监控] 无待处理文件
[06:24:52] [监控] 无待处理文件
[06:29:52] [监控] 无待处理文件
[06:34:52] [监控] 无待处理文件
[06:39:52] [监控] 无待处理文件
[06:44:53] [监控] 无待处理文件
[06:49:53] [监控] 无待处理文件
[06:54:53] [监控] 无待处理文件
[06:59:53] [监控] 无待处理文件
[07:04:54] [监控] 无待处理文件
[07:09:54] [监控] 无待处理文件
[07:14:54] [监控] 无待处理文件
[07:19:54] [监控] 无待处理文件
[07:24:55] [监控] 无待处理文件
[07:29:55] [监控] 无待处理文件
[07:34:55] [监控] 无待处理文件
[07:39:55] [监控] 无待处理文件
[07:44:56] [监控] 无待处理文件
[07:49:56] [监控] 无待处理文件
[07:54:56] [监控] 无待处理文件
[07:59:56] [监控] 无待处理文件
[08:04:57] [监控] 无待处理文件
[08:09:57] [监控] 无待处理文件
[08:14:57] [监控] 无待处理文件
[08:19:57] [监控] 无待处理文件
[08:24:58] [监控] 无待处理文件
[08:29:58] [监控] 无待处理文件
[08:34:58] [监控] 无待处理文件
[08:39:58] [监控] 无待处理文件
[08:44:59] [监控] 无待处理文件
[08:49:59] [监控] 无待处理文件
[08:54:59] [监控] 无待处理文件
[08:59:59] [监控] 无待处理文件
[09:05:00] [监控] 无待处理文件
[09:10:00] [监控] 无待处理文件
[09:15:00] [监控] 无待处理文件
[09:20:01] [监控] 无待处理文件
[09:25:01] [监控] 无待处理文件
[09:30:01] [监控] 无待处理文件
[09:35:01] [监控] 无待处理文件
[09:40:02] [监控] 无待处理文件
[09:45:02] [监控] 无待处理文件
[09:50:02] [监控] 无待处理文件
[09:55:02] [监控] 无待处理文件
[10:00:03] [监控] 无待处理文件
[10:05:03] [监控] 无待处理文件
[10:10:03] [监控] 无待处理文件
[10:15:03] [监控] 无待处理文件
[10:20:03] [监控] 无待处理文件
[10:25:04] [监控] 无待处理文件
[10:30:04] [监控] 无待处理文件
[10:35:04] [监控] 无待处理文件
[10:40:04] [监控] 无待处理文件
[10:45:05] [监控] 无待处理文件
[10:50:05] [监控] 无待处理文件
[10:55:05] [监控] 无待处理文件
[11:00:05] [监控] 无待处理文件
[11:05:06] [监控] 无待处理文件
[11:10:06] [监控] 无待处理文件
[11:15:06] [监控] 无待处理文件
[11:20:06] [监控] 无待处理文件
[11:25:07] [监控] 无待处理文件
[11:30:07] [监控] 无待处理文件
[11:35:07] [监控] 无待处理文件
[11:40:07] [监控] 无待处理文件
[11:45:08] [监控] 无待处理文件
[11:50:08] [监控] 无待处理文件
[11:55:08] [监控] 无待处理文件
[12:00:08] [监控] 无待处理文件
[12:05:09] [监控] 无待处理文件
[12:10:09] [监控] 无待处理文件
[12:15:09] [监控] 无待处理文件
[12:20:09] [监控] 无待处理文件
[12:25:10] [监控] 无待处理文件
[12:30:10] [监控] 无待处理文件
[12:35:10] [监控] 无待处理文件
[12:40:10] [监控] 无待处理文件
[12:45:11] [监控] 无待处理文件
[12:50:11] [监控] 无待处理文件
[12:55:11] [监控] 无待处理文件
[13:00:11] [监控] 无待处理文件
[13:05:12] [监控] 无待处理文件
[13:10:12] [监控] 无待处理文件
[13:15:12] [监控] 无待处理文件
[13:20:13] [监控] 无待处理文件
[13:25:13] [监控] 无待处理文件
[13:30:13] [监控] 无待处理文件
[13:35:13] [监控] 无待处理文件
[13:40:13] [监控] 无待处理文件
[13:45:14] [监控] 无待处理文件
[13:50:14] [监控] 无待处理文件
[13:55:14] [监控] 无待处理文件
[14:00:14] [监控] 无待处理文件
[14:05:15] [监控] 无待处理文件
[14:10:15] [监控] 无待处理文件
[14:15:15] [监控] 无待处理文件
[14:20:15] [监控] 无待处理文件
[14:25:16] [监控] 无待处理文件
[14:30:16] [监控] 无待处理文件
[14:35:16] [监控] 无待处理文件
[14:40:16] [监控] 无待处理文件
[14:45:17] [监控] 无待处理文件
[14:50:17] [监控] 无待处理文件
[14:55:17] [监控] 无待处理文件
[15:00:17] [监控] 无待处理文件
[15:05:18] [监控] 无待处理文件
[15:10:18] [监控] 无待处理文件
[15:15:18] [监控] 无待处理文件
[15:20:18] [监控] 无待处理文件
[15:25:19] [监控] 无待处理文件
[15:30:19] [监控] 无待处理文件
[15:35:19] [监控] 无待处理文件
[15:40:20] [监控] 无待处理文件
[15:45:20] [监控] 无待处理文件
[15:50:20] [监控] 无待处理文件
[15:55:20] [监控] 无待处理文件
[16:00:21] [监控] 无待处理文件
[16:05:21] [监控] 无待处理文件
[16:10:21] [监控] 无待处理文件
[16:15:21] [监控] 无待处理文件
[16:20:21] [监控] 无待处理文件
[16:25:22] [监控] 无待处理文件
[16:30:22] [监控] 无待处理文件
[16:35:22] [监控] 无待处理文件
[16:40:23] [监控] 无待处理文件
[16:45:23] [监控] 无待处理文件
[16:50:23] [监控] 无待处理文件
[16:55:23] [监控] 无待处理文件
[17:00:24] [监控] 无待处理文件
[17:05:24] [监控] 无待处理文件
[17:10:24] [监控] 无待处理文件
[17:15:25] [监控] 无待处理文件
[17:20:25] [监控] 无待处理文件
[17:25:25] [监控] 无待处理文件
[17:30:25] [监控] 无待处理文件
[17:35:26] [监控] 无待处理文件
[17:40:26] [监控] 无待处理文件
[17:45:26] [监控] 无待处理文件
[17:50:27] [监控] 无待处理文件
[17:55:27] [监控] 无待处理文件
[18:00:27] [监控] 无待处理文件
[18:05:28] [监控] 无待处理文件
[18:10:28] [监控] 无待处理文件
[18:15:28] [监控] 无待处理文件
[18:20:30] [监控] 无待处理文件
[18:25:37] [监控] 无待处理文件
[18:30:41] [监控] 无待处理文件
[18:35:44] [监控] 无待处理文件
[18:40:48] [监控] 无待处理文件
[18:45:50] [监控] 无待处理文件
[18:50:51] [监控] 无待处理文件
[18:55:51] [监控] 无待处理文件
[19:00:52] [监控] 无待处理文件
[19:05:52] [监控] 无待处理文件
[19:10:53] [监控] 无待处理文件
[19:15:54] [监控] 无待处理文件
[19:20:54] [监控] 无待处理文件
[19:25:55] [监控] 无待处理文件
[19:30:56] [监控] 无待处理文件
[19:35:57] [监控] 无待处理文件
[19:40:57] [监控] 无待处理文件
[19:45:58] [监控] 无待处理文件
[19:50:59] [监控] 无待处理文件
[19:56:00] [监控] 无待处理文件
[20:01:01] [监控] 无待处理文件
[20:06:01] [监控] 无待处理文件
[20:11:02] [监控] 无待处理文件
[20:16:02] [监控] 无待处理文件
[20:21:03] [监控] 无待处理文件
[20:26:03] [监控] 无待处理文件
[20:31:04] [监控] 无待处理文件
[20:36:04] [监控] 无待处理文件
[20:41:04] [监控] 无待处理文件
[20:46:05] [监控] 无待处理文件
[20:51:05] [监控] 无待处理文件
[20:56:05] [监控] 无待处理文件
[21:01:06] [监控] 无待处理文件
[21:06:06] [监控] 无待处理文件
[21:11:06] [监控] 无待处理文件
[21:16:07] [监控] 无待处理文件
[21:21:07] [监控] 无待处理文件
[21:26:07] [监控] 无待处理文件
[21:31:07] [监控] 无待处理文件
[21:36:08] [监控] 无待处理文件
[21:41:08] [监控] 无待处理文件
[21:46:08] [监控] 无待处理文件
[21:51:08] [监控] 无待处理文件
[21:56:09] [监控] 无待处理文件
[22:01:09] [监控] 无待处理文件
[22:06:09] [监控] 无待处理文件
[22:11:10] [监控] 无待处理文件
[22:16:10] [监控] 无待处理文件
[22:21:10] [监控] 无待处理文件
[22:26:13] [监控] 无待处理文件
[22:31:14] [监控] 无待处理文件
[22:36:16] [监控] 无待处理文件
[22:41:16] [监控] 无待处理文件
[22:46:16] [监控] 无待处理文件
[22:51:17] [监控] 无待处理文件
[22:56:17] [监控] 无待处理文件
[23:01:17] [监控] 无待处理文件
[23:06:17] [监控] 无待处理文件
[23:11:17] [监控] 无待处理文件
[23:16:18] [监控] 无待处理文件
[23:21:18] [监控] 无待处理文件
[23:26:18] [监控] 无待处理文件
[23:31:19] [监控] 无待处理文件
[23:36:19] [监控] 无待处理文件
[23:41:19] [监控] 无待处理文件
[23:46:19] [监控] 无待处理文件
[23:51:20] [监控] 无待处理文件
[23:56:20] [监控] 无待处理文件
[00:01:20] [监控] 无待处理文件
[00:06:20] [监控] 无待处理文件
[00:11:20] [监控] 无待处理文件
[00:16:21] [监控] 无待处理文件
[00:21:21] [监控] 无待处理文件
[00:26:21] [监控] 无待处理文件
[00:31:22] [监控] 无待处理文件
[00:36:22] [监控] 无待处理文件
[00:41:22] [监控] 无待处理文件
[00:46:22] [监控] 无待处理文件
[00:51:23] [监控] 无待处理文件
[00:56:23] [监控] 无待处理文件
[01:01:23] [监控] 无待处理文件
[01:06:24] [监控] 无待处理文件
[01:11:24] [监控] 无待处理文件
[01:16:24] [监控] 无待处理文件
[01:21:24] [监控] 无待处理文件
[01:26:25] [监控] 无待处理文件
[01:31:29] [监控] 无待处理文件
[01:36:29] [监控] 无待处理文件
[01:41:29] [监控] 无待处理文件
[01:46:29] [监控] 无待处理文件
[01:51:30] [监控] 无待处理文件
[01:56:30] [监控] 无待处理文件
[02:01:30] [监控] 无待处理文件
[02:06:30] [监控] 无待处理文件
[02:11:31] [监控] 无待处理文件
[02:16:31] [监控] 无待处理文件
[02:21:31] [监控] 无待处理文件
[02:26:31] [监控] 无待处理文件
[02:31:32] [监控] 无待处理文件
[02:36:32] [监控] 无待处理文件
[02:41:32] [监控] 无待处理文件
[02:46:32] [监控] 无待处理文件
[02:51:33] [监控] 无待处理文件
[02:56:33] [监控] 无待处理文件
[03:01:34] [监控] 无待处理文件
[03:06:38] [监控] 无待处理文件
[03:11:40] [监控] 无待处理文件
[03:16:40] [监控] 无待处理文件
[03:21:42] [监控] 无待处理文件
[03:26:44] [监控] 无待处理文件
[03:31:46] [监控] 无待处理文件
[03:36:46] [监控] 无待处理文件
[03:41:48] [监控] 无待处理文件
[03:46:50] [监控] 无待处理文件
[03:51:53] [监控] 无待处理文件
[03:56:55] [监控] 无待处理文件
[04:01:57] [监控] 无待处理文件
[04:07:01] [监控] 无待处理文件
[04:12:02] [监控] 无待处理文件
[04:17:02] [监控] 无待处理文件
[04:22:02] [监控] 无待处理文件
[04:27:03] [监控] 无待处理文件
[04:32:03] [监控] 无待处理文件
[04:37:03] [监控] 无待处理文件
[04:42:04] [监控] 无待处理文件
[04:47:04] [监控] 无待处理文件
[04:52:04] [监控] 无待处理文件
[04:57:04] [监控] 无待处理文件
[05:02:05] [监控] 无待处理文件
[05:07:05] [监控] 无待处理文件
[05:12:05] [监控] 无待处理文件
[05:17:05] [监控] 无待处理文件
[05:22:06] [监控] 无待处理文件
[05:27:06] [监控] 无待处理文件
[05:32:06] [监控] 无待处理文件
[05:37:06] [监控] 无待处理文件
[05:42:07] [监控] 无待处理文件
[05:47:07] [监控] 无待处理文件
[05:52:07] [监控] 无待处理文件
[05:57:07] [监控] 无待处理文件
[06:02:08] [监控] 无待处理文件
[06:07:08] [监控] 无待处理文件
[06:12:08] [监控] 无待处理文件
[06:17:08] [监控] 无待处理文件
[06:22:09] [监控] 无待处理文件
[06:27:09] [监控] 无待处理文件
[06:32:09] [监控] 无待处理文件
[06:37:09] [监控] 无待处理文件
[06:42:10] [监控] 无待处理文件
[06:47:10] [监控] 无待处理文件
[06:52:10] [监控] 无待处理文件
[06:57:10] [监控] 无待处理文件
[07:02:11] [监控] 无待处理文件
[07:07:11] [监控] 无待处理文件
[07:12:11] [监控] 无待处理文件
[07:17:11] [监控] 无待处理文件
[07:22:12] [监控] 无待处理文件
[07:27:12] [监控] 无待处理文件
[07:32:12] [监控] 无待处理文件
[07:37:12] [监控] 无待处理文件
[07:42:13] [监控] 无待处理文件
[07:47:13] [监控] 无待处理文件
[07:52:13] [监控] 无待处理文件
[07:57:13] [监控] 无待处理文件
[08:02:14] [监控] 无待处理文件
[08:07:14] [监控] 无待处理文件
[08:12:14] [监控] 无待处理文件
[08:17:14] [监控] 无待处理文件
[08:22:15] [监控] 无待处理文件
[08:27:15] [监控] 无待处理文件
[08:32:15] [监控] 无待处理文件
[08:37:16] [监控] 无待处理文件
[08:42:16] [监控] 无待处理文件
[08:47:16] [监控] 无待处理文件
[08:52:18] [监控] 无待处理文件
[08:57:27] [监控] 无待处理文件
[09:02:31] [监控] 无待处理文件
[09:07:34] [监控] 无待处理文件
[09:12:36] [监控] 无待处理文件
[09:17:38] [监控] 无待处理文件
[09:22:47] [监控] 无待处理文件
[09:27:54] [监控] 无待处理文件
[09:33:00] [监控] 无待处理文件
[09:38:05] [监控] 无待处理文件
[09:43:16] [监控] 无待处理文件
[09:48:17] [监控] 无待处理文件
[09:53:20] [监控] 无待处理文件
[09:58:24] [监控] 无待处理文件
[10:03:29] [监控] 无待处理文件
[10:08:34] [监控] 无待处理文件
[10:13:38] [监控] 无待处理文件
[10:18:41] [监控] 无待处理文件
[10:23:41] [监控] 无待处理文件
[10:28:44] [监控] 无待处理文件
[10:33:48] [监控] 无待处理文件
[10:38:51] [监控] 无待处理文件
[10:43:53] [监控] 无待处理文件
[10:48:56] [监控] 无待处理文件
[10:53:56] [监控] 无待处理文件
[10:58:58] [监控] 无待处理文件
[11:03:58] [监控] 无待处理文件
[11:08:59] [监控] 无待处理文件
[11:13:59] [监控] 无待处理文件
[11:18:59] [监控] 无待处理文件
[11:24:00] [监控] 无待处理文件
[11:29:00] [监控] 无待处理文件
[11:34:00] [监控] 无待处理文件
[11:39:01] [监控] 无待处理文件
[11:44:01] [监控] 无待处理文件
[11:49:01] [监控] 无待处理文件
[11:54:01] [监控] 无待处理文件
[11:59:02] [监控] 无待处理文件
[12:04:02] [监控] 无待处理文件
[12:09:02] [监控] 无待处理文件
[12:14:02] [监控] 无待处理文件
[12:19:03] [监控] 无待处理文件
[12:24:03] [监控] 无待处理文件
[12:29:03] [监控] 无待处理文件
[12:34:03] [监控] 无待处理文件
[12:39:04] [监控] 无待处理文件
[12:44:04] [监控] 无待处理文件
[12:49:04] [监控] 无待处理文件
[12:54:04] [监控] 无待处理文件
[12:59:05] [监控] 无待处理文件
[13:04:05] [监控] 无待处理文件
[13:09:05] [监控] 无待处理文件
[13:14:05] [监控] 无待处理文件
[13:19:06] [监控] 无待处理文件
[13:24:06] [监控] 无待处理文件
[13:29:06] [监控] 无待处理文件
[13:34:06] [监控] 无待处理文件
[13:39:07] [监控] 无待处理文件
[13:44:07] [监控] 无待处理文件
[13:49:07] [监控] 无待处理文件
[13:54:07] [监控] 无待处理文件
[13:59:08] [监控] 无待处理文件
[14:04:08] [监控] 无待处理文件
[14:09:08] [监控] 无待处理文件
[14:14:08] [监控] 无待处理文件
[14:19:09] [监控] 无待处理文件
[14:24:09] [监控] 无待处理文件
[14:29:09] [监控] 无待处理文件
[14:34:10] [监控] 无待处理文件
[14:39:10] [监控] 无待处理文件
[14:44:10] [监控] 无待处理文件
[14:49:10] [监控] 无待处理文件
[14:54:11] [监控] 无待处理文件
[14:59:11] [监控] 无待处理文件
[15:04:11] [监控] 无待处理文件
[15:09:11] [监控] 无待处理文件
[15:14:12] [监控] 无待处理文件
[15:19:12] [监控] 无待处理文件
[15:24:12] [监控] 无待处理文件
[15:29:12] [监控] 无待处理文件
[15:34:13] [监控] 无待处理文件
[15:39:13] [监控] 无待处理文件
[15:44:13] [监控] 无待处理文件
[15:49:13] [监控] 无待处理文件
[15:54:14] [监控] 无待处理文件
[15:59:14] [监控] 无待处理文件
[16:04:14] [监控] 无待处理文件
[16:09:14] [监控] 无待处理文件
[16:14:15] [监控] 无待处理文件
[16:19:15] [监控] 无待处理文件
[16:24:15] [监控] 无待处理文件
[16:29:15] [监控] 无待处理文件
[16:34:16] [监控] 无待处理文件
[16:39:16] [监控] 无待处理文件
[16:44:16] [监控] 无待处理文件
[16:49:16] [监控] 无待处理文件
[16:54:17] [监控] 无待处理文件
[16:59:17] [监控] 无待处理文件
[17:04:17] [监控] 无待处理文件
[17:09:17] [监控] 无待处理文件
[17:14:18] [监控] 无待处理文件
[17:19:18] [监控] 无待处理文件
[17:24:18] [监控] 无待处理文件
[17:29:18] [监控] 无待处理文件
[17:34:19] [监控] 无待处理文件
[17:39:19] [监控] 无待处理文件
[17:44:19] [监控] 无待处理文件
[17:49:19] [监控] 无待处理文件
[17:54:20] [监控] 无待处理文件
[17:59:20] [监控] 无待处理文件
[18:04:20] [监控] 无待处理文件
[18:09:20] [监控] 无待处理文件
[18:14:21] [监控] 无待处理文件
[18:19:21] [监控] 无待处理文件
[18:24:21] [监控] 无待处理文件
[18:29:21] [监控] 无待处理文件
[18:34:22] [监控] 无待处理文件
[18:39:22] [监控] 无待处理文件
[18:44:22] [监控] 无待处理文件
[18:49:23] [监控] 无待处理文件
[18:54:23] [监控] 无待处理文件
[18:59:23] [监控] 无待处理文件
[19:04:23] [监控] 无待处理文件
[19:09:24] [监控] 无待处理文件
[19:14:24] [监控] 无待处理文件
[19:19:24] [监控] 无待处理文件
[19:24:24] [监控] 无待处理文件
[19:29:25] [监控] 无待处理文件
[19:34:25] [监控] 无待处理文件
[19:39:25] [监控] 无待处理文件
[19:44:26] [监控] 无待处理文件
[19:49:26] [监控] 无待处理文件
[19:54:26] [监控] 无待处理文件
[19:59:26] [监控] 无待处理文件
[20:04:27] [监控] 无待处理文件
[20:09:27] [监控] 无待处理文件
[20:14:27] [监控] 无待处理文件
[20:19:27] [监控] 无待处理文件
[20:24:28] [监控] 无待处理文件
[20:29:28] [监控] 无待处理文件
[20:34:28] [监控] 无待处理文件
[20:39:28] [监控] 无待处理文件
[20:44:29] [监控] 无待处理文件
[20:49:29] [监控] 无待处理文件
[20:54:29] [监控] 无待处理文件
[20:59:29] [监控] 无待处理文件
[21:04:30] [监控] 无待处理文件
[21:09:30] [监控] 无待处理文件
[21:14:30] [监控] 无待处理文件
[21:19:30] [监控] 无待处理文件
[21:24:31] [监控] 无待处理文件
[21:29:31] [监控] 无待处理文件
[21:34:31] [监控] 无待处理文件
[21:39:31] [监控] 无待处理文件
[21:44:32] [监控] 无待处理文件
[21:49:32] [监控] 无待处理文件
[21:54:32] [监控] 无待处理文件
[21:59:32] [监控] 无待处理文件
[22:04:33] [监控] 无待处理文件
[22:09:33] [监控] 无待处理文件
[22:14:33] [监控] 无待处理文件
[22:19:33] [监控] 无待处理文件
[22:24:34] [监控] 无待处理文件
[22:29:34] [监控] 无待处理文件
[22:34:34] [监控] 无待处理文件
[22:39:34] [监控] 无待处理文件
[22:44:35] [监控] 无待处理文件
[22:49:35] [监控] 无待处理文件
[22:54:35] [监控] 无待处理文件
[22:59:35] [监控] 无待处理文件
[23:04:36] [监控] 无待处理文件
[23:09:36] [监控] 无待处理文件
[23:14:36] [监控] 无待处理文件
[23:19:36] [监控] 无待处理文件
[23:24:37] [监控] 无待处理文件
[23:29:37] [监控] 无待处理文件
[23:34:37] [监控] 无待处理文件
[23:39:37] [监控] 无待处理文件
[23:44:38] [监控] 无待处理文件
[23:49:38] [监控] 无待处理文件
[23:54:38] [监控] 无待处理文件
[23:59:38] [监控] 无待处理文件
[00:04:39] [监控] 无待处理文件
[00:09:39] [监控] 无待处理文件
[00:14:39] [监控] 无待处理文件
[00:19:39] [监控] 无待处理文件
[00:24:40] [监控] 无待处理文件
[00:29:40] [监控] 无待处理文件
[00:34:40] [监控] 无待处理文件
[00:39:40] [监控] 无待处理文件
[00:44:41] [监控] 无待处理文件
[00:49:41] [监控] 无待处理文件
[00:54:41] [监控] 无待处理文件
[00:59:42] [监控] 无待处理文件
[01:04:42] [监控] 无待处理文件
[01:09:42] [监控] 无待处理文件
[01:14:42] [监控] 无待处理文件
[01:19:43] [监控] 无待处理文件
[01:24:43] [监控] 无待处理文件
[01:29:43] [监控] 无待处理文件
[01:34:43] [监控] 无待处理文件
[01:39:44] [监控] 无待处理文件
[01:44:44] [监控] 无待处理文件
[01:49:44] [监控] 无待处理文件
[01:54:44] [监控] 无待处理文件
[01:59:45] [监控] 无待处理文件
[02:04:45] [监控] 无待处理文件
[02:09:45] [监控] 无待处理文件
[02:14:45] [监控] 无待处理文件
[02:19:47] [监控] 无待处理文件
[02:24:51] [监控] 无待处理文件
[02:29:54] [监控] 无待处理文件
[02:34:58] [监控] 无待处理文件
[02:40:00] [监控] 无待处理文件
[02:45:07] [监控] 无待处理文件
[02:50:11] [监控] 无待处理文件
[02:55:11] [监控] 无待处理文件
[03:00:11] [监控] 无待处理文件
[03:05:12] [监控] 无待处理文件
[03:10:12] [监控] 无待处理文件
[03:15:12] [监控] 无待处理文件
[03:20:12] [监控] 无待处理文件
[03:25:13] [监控] 无待处理文件
[03:30:13] [监控] 无待处理文件
[03:35:13] [监控] 无待处理文件
[03:40:14] [监控] 无待处理文件
[03:45:14] [监控] 无待处理文件
[03:50:14] [监控] 无待处理文件
[03:55:14] [监控] 无待处理文件
[04:00:15] [监控] 无待处理文件
[04:05:15] [监控] 无待处理文件
[04:10:15] [监控] 无待处理文件
[04:15:16] [监控] 无待处理文件
[04:20:16] [监控] 无待处理文件
[04:25:16] [监控] 无待处理文件
[04:30:21] [监控] 无待处理文件
[04:35:29] [监控] 无待处理文件
[04:40:35] [监控] 无待处理文件
[04:45:39] [监控] 无待处理文件
[04:50:44] [监控] 无待处理文件
[04:55:50] [监控] 无待处理文件
[05:00:51] [监控] 无待处理文件
[05:05:57] [监控] 无待处理文件
[05:10:58] [监控] 无待处理文件
[05:16:00] [监控] 无待处理文件
[05:21:01] [监控] 无待处理文件
[05:26:01] [监控] 无待处理文件
[05:31:01] [监控] 无待处理文件
[05:36:01] [监控] 无待处理文件
[05:41:02] [监控] 无待处理文件
[05:46:02] [监控] 无待处理文件
[05:51:02] [监控] 无待处理文件
[05:56:03] [监控] 无待处理文件
[06:01:03] [监控] 无待处理文件
[06:06:03] [监控] 无待处理文件
[06:11:03] [监控] 无待处理文件
[06:16:04] [监控] 无待处理文件
[06:21:04] [监控] 无待处理文件
[06:26:04] [监控] 无待处理文件
[06:31:04] [监控] 无待处理文件
[06:36:05] [监控] 无待处理文件
[06:41:05] [监控] 无待处理文件
[06:46:05] [监控] 无待处理文件
[06:51:05] [监控] 无待处理文件
[06:56:06] [监控] 无待处理文件
[07:01:06] [监控] 无待处理文件
[07:06:06] [监控] 无待处理文件
[07:11:06] [监控] 无待处理文件
[07:16:07] [监控] 无待处理文件
[07:21:07] [监控] 无待处理文件
[07:26:07] [监控] 无待处理文件
[07:31:08] [监控] 无待处理文件
[07:36:08] [监控] 无待处理文件
[07:41:08] [监控] 无待处理文件
[07:46:08] [监控] 无待处理文件
[07:51:08] [监控] 无待处理文件
[07:56:09] [监控] 无待处理文件
[08:01:09] [监控] 无待处理文件
[08:06:09] [监控] 无待处理文件
[08:11:10] [监控] 无待处理文件
[08:16:10] [监控] 无待处理文件
[08:21:10] [监控] 无待处理文件
[08:26:10] [监控] 无待处理文件
[08:31:11] [监控] 无待处理文件
[08:36:11] [监控] 无待处理文件
[08:41:11] [监控] 无待处理文件
[08:46:12] [监控] 无待处理文件
[08:51:13] [监控] 无待处理文件
[08:56:17] [监控] 无待处理文件
[09:01:18] [监控] 无待处理文件
[09:06:21] [监控] 无待处理文件
[09:11:21] [监控] 无待处理文件
[09:16:22] [监控] 无待处理文件
[09:21:22] [监控] 无待处理文件
[09:26:22] [监控] 无待处理文件
[09:31:22] [监控] 无待处理文件
[09:36:23] [监控] 无待处理文件
[09:41:23] [监控] 无待处理文件
[09:46:23] [监控] 无待处理文件
[09:51:23] [监控] 无待处理文件
[09:56:24] [监控] 无待处理文件
[10:01:24] [监控] 无待处理文件
[10:06:24] [监控] 无待处理文件
[10:11:24] [监控] 无待处理文件
[10:16:25] [监控] 无待处理文件
[10:21:25] [监控] 无待处理文件
[10:26:26] [监控] 无待处理文件
[10:31:26] [监控] 无待处理文件
[10:36:30] [监控] 无待处理文件
[10:41:33] [监控] 无待处理文件
[10:46:37] [监控] 无待处理文件
[10:51:45] [监控] 无待处理文件
[10:56:46] [监控] 无待处理文件
[11:01:57] [监控] 无待处理文件
[11:07:05] [监控] 无待处理文件
[11:12:09] [监控] 无待处理文件
[11:17:09] [监控] 无待处理文件
[11:22:09] [监控] 无待处理文件
[11:27:10] [监控] 无待处理文件
[11:32:10] [监控] 无待处理文件
[11:37:10] [监控] 无待处理文件
[11:42:10] [监控] 无待处理文件
[11:47:11] [监控] 无待处理文件
[11:52:11] [监控] 无待处理文件
[11:57:11] [监控] 无待处理文件
[12:02:11] [监控] 无待处理文件
[12:07:12] [监控] 无待处理文件
[12:12:12] [监控] 无待处理文件
[12:17:12] [监控] 无待处理文件
[12:22:13] [监控] 无待处理文件
[12:27:13] [监控] 无待处理文件
[12:32:13] [监控] 无待处理文件
[12:37:13] [监控] 无待处理文件
[12:42:14] [监控] 无待处理文件
[12:47:14] [监控] 无待处理文件
[12:52:14] [监控] 无待处理文件
[12:57:15] [监控] 无待处理文件
[13:02:15] [监控] 无待处理文件
[13:07:15] [监控] 无待处理文件
[13:12:15] [监控] 无待处理文件
[13:17:16] [监控] 无待处理文件
[13:22:16] [监控] 无待处理文件
[13:27:16] [监控] 无待处理文件
[13:32:17] [监控] 无待处理文件
[13:37:17] [监控] 无待处理文件
[13:42:17] [监控] 无待处理文件
[13:47:17] [监控] 无待处理文件
[13:52:17] [监控] 无待处理文件
[13:57:18] [监控] 无待处理文件
[14:02:18] [监控] 无待处理文件
[14:07:18] [监控] 无待处理文件
[14:12:19] [监控] 无待处理文件
[14:17:19] [监控] 无待处理文件
[14:22:19] [监控] 无待处理文件
[14:27:19] [监控] 无待处理文件
[14:32:19] [监控] 无待处理文件
[14:37:20] [监控] 无待处理文件
[14:42:20] [监控] 无待处理文件
[14:47:20] [监控] 无待处理文件
[14:52:21] [监控] 无待处理文件
[14:57:21] [监控] 无待处理文件
[15:02:21] [监控] 无待处理文件
[15:07:21] [监控] 无待处理文件
[15:12:22] [监控] 无待处理文件
[15:17:22] [监控] 无待处理文件
[15:22:22] [监控] 无待处理文件
[15:27:22] [监控] 无待处理文件
[15:32:23] [监控] 无待处理文件
[15:37:23] [监控] 无待处理文件
[15:42:23] [监控] 无待处理文件
[15:47:23] [监控] 无待处理文件
[15:52:24] [监控] 无待处理文件
[15:57:24] [监控] 无待处理文件
[16:02:24] [监控] 无待处理文件
[16:07:24] [监控] 无待处理文件
[16:12:25] [监控] 无待处理文件
[16:17:25] [监控] 无待处理文件
[16:22:25] [监控] 无待处理文件
[16:27:25] [监控] 无待处理文件
[16:32:26] [监控] 无待处理文件
[16:37:26] [监控] 无待处理文件
[16:42:26] [监控] 无待处理文件
[16:47:26] [监控] 无待处理文件
[16:52:27] [监控] 无待处理文件
[16:57:27] [监控] 无待处理文件
[17:02:27] [监控] 无待处理文件
[17:07:27] [监控] 无待处理文件
[17:12:28] [监控] 无待处理文件
[17:17:28] [监控] 无待处理文件
[17:22:28] [监控] 无待处理文件
[17:27:28] [监控] 无待处理文件
[17:32:29] [监控] 无待处理文件
[17:37:29] [监控] 无待处理文件
[17:42:29] [监控] 无待处理文件
[17:47:29] [监控] 无待处理文件
[17:52:30] [监控] 无待处理文件
[17:57:30] [监控] 无待处理文件
[18:02:30] [监控] 无待处理文件
[18:07:31] [监控] 无待处理文件
[18:12:31] [监控] 无待处理文件
[18:17:31] [监控] 无待处理文件
[18:22:31] [监控] 无待处理文件
[18:27:31] [监控] 无待处理文件
[18:32:32] [监控] 无待处理文件
[18:37:32] [监控] 无待处理文件
[18:42:32] [监控] 无待处理文件
[18:47:32] [监控] 无待处理文件
[18:52:33] [监控] 无待处理文件
[18:57:33] [监控] 无待处理文件
[19:02:33] [监控] 无待处理文件
[19:07:34] [监控] 无待处理文件
[19:12:34] [监控] 无待处理文件
[19:17:34] [监控] 无待处理文件
[19:22:34] [监控] 无待处理文件
[19:27:35] [监控] 无待处理文件
[19:32:35] [监控] 无待处理文件
[19:37:35] [监控] 无待处理文件
[19:42:35] [监控] 无待处理文件
[19:47:36] [监控] 无待处理文件
[19:52:36] [监控] 无待处理文件
[19:57:36] [监控] 无待处理文件
[20:02:36] [监控] 无待处理文件
[20:07:37] [监控] 无待处理文件
[20:12:37] [监控] 无待处理文件
[20:17:37] [监控] 无待处理文件
[20:22:37] [监控] 无待处理文件
[20:27:38] [监控] 无待处理文件
[20:32:38] [监控] 无待处理文件
[20:37:38] [监控] 无待处理文件
[20:42:38] [监控] 无待处理文件
[20:47:39] [监控] 无待处理文件
[20:52:39] [监控] 无待处理文件
[20:57:39] [监控] 无待处理文件
[21:02:39] [监控] 无待处理文件
[21:07:40] [监控] 无待处理文件
[21:12:40] [监控] 无待处理文件
[21:17:40] [监控] 无待处理文件
[21:22:40] [监控] 无待处理文件
[21:27:41] [监控] 无待处理文件
[21:32:41] [监控] 无待处理文件
[21:37:41] [监控] 无待处理文件
[21:42:41] [监控] 无待处理文件
[21:47:42] [监控] 无待处理文件
[21:52:42] [监控] 无待处理文件
[21:57:42] [监控] 无待处理文件
[22:02:43] [监控] 无待处理文件
[22:07:43] [监控] 无待处理文件
[22:12:43] [监控] 无待处理文件
[22:17:43] [监控] 无待处理文件
[22:22:44] [监控] 无待处理文件
[22:27:44] [监控] 无待处理文件
[22:32:44] [监控] 无待处理文件
[22:37:44] [监控] 无待处理文件
[22:42:45] [监控] 无待处理文件
[22:47:45] [监控] 无待处理文件
[22:52:45] [监控] 无待处理文件
[22:57:45] [监控] 无待处理文件
[23:02:46] [监控] 无待处理文件
[23:07:46] [监控] 无待处理文件
[23:12:46] [监控] 无待处理文件
[23:17:46] [监控] 无待处理文件
[23:22:47] [监控] 无待处理文件
[23:27:47] [监控] 无待处理文件
[23:32:47] [监控] 无待处理文件
[23:37:47] [监控] 无待处理文件
[23:42:48] [监控] 无待处理文件
[23:47:48] [监控] 无待处理文件
[23:52:48] [监控] 无待处理文件
[23:57:48] [监控] 无待处理文件
[00:02:48] [监控] 无待处理文件
[00:07:49] [监控] 无待处理文件
[00:12:49] [监控] 无待处理文件
[00:17:49] [监控] 无待处理文件
[00:22:49] [监控] 无待处理文件
[00:27:50] [监控] 无待处理文件
[00:32:50] [监控] 无待处理文件
[00:37:50] [监控] 无待处理文件
[00:42:51] [监控] 无待处理文件
[00:47:51] [监控] 无待处理文件
[00:52:51] [监控] 无待处理文件
[00:57:51] [监控] 无待处理文件
[01:02:52] [监控] 无待处理文件
[01:07:52] [监控] 无待处理文件
[01:12:52] [监控] 无待处理文件
[01:17:53] [监控] 无待处理文件
[01:22:53] [监控] 无待处理文件
[01:27:53] [监控] 无待处理文件
[01:32:53] [监控] 无待处理文件
[01:37:54] [监控] 无待处理文件
[01:42:54] [监控] 无待处理文件
[01:47:54] [监控] 无待处理文件
[01:52:55] [监控] 无待处理文件
[01:57:55] [监控] 无待处理文件
[02:02:55] [监控] 无待处理文件
[02:07:55] [监控] 无待处理文件
[02:12:56] [监控] 无待处理文件
[02:17:56] [监控] 无待处理文件
[02:22:56] [监控] 无待处理文件
[02:27:56] [监控] 无待处理文件
[02:32:57] [监控] 无待处理文件
[02:37:57] [监控] 无待处理文件
[02:42:57] [监控] 无待处理文件
[02:47:57] [监控] 无待处理文件
[02:52:58] [监控] 无待处理文件
[02:57:58] [监控] 无待处理文件
[03:02:58] [监控] 无待处理文件
[03:07:58] [监控] 无待处理文件
[03:12:59] [监控] 无待处理文件
[03:17:59] [监控] 无待处理文件
[03:22:59] [监控] 无待处理文件
[03:27:59] [监控] 无待处理文件
[03:33:00] [监控] 无待处理文件
[03:38:00] [监控] 无待处理文件
[03:43:00] [监控] 无待处理文件
[03:48:00] [监控] 无待处理文件
[03:53:01] [监控] 无待处理文件
[03:58:01] [监控] 无待处理文件
[04:03:01] [监控] 无待处理文件
[04:08:01] [监控] 无待处理文件
[04:13:02] [监控] 无待处理文件
[04:18:02] [监控] 无待处理文件
[04:23:02] [监控] 无待处理文件
[04:28:02] [监控] 无待处理文件
[04:33:03] [监控] 无待处理文件
[04:38:03] [监控] 无待处理文件
[04:43:03] [监控] 无待处理文件
[04:48:03] [监控] 无待处理文件
[04:53:04] [监控] 无待处理文件
[04:58:04] [监控] 无待处理文件
[05:03:04] [监控] 无待处理文件
[05:08:04] [监控] 无待处理文件
[05:13:05] [监控] 无待处理文件
[05:18:05] [监控] 无待处理文件
[05:23:05] [监控] 无待处理文件
[05:28:05] [监控] 无待处理文件
[05:33:06] [监控] 无待处理文件
[05:38:06] [监控] 无待处理文件
[05:43:06] [监控] 无待处理文件
[05:48:07] [监控] 无待处理文件
[05:53:07] [监控] 无待处理文件
[05:58:08] [监控] 无待处理文件
[06:03:08] [监控] 无待处理文件
[06:08:08] [监控] 无待处理文件
[06:13:09] [监控] 无待处理文件
[06:18:09] [监控] 无待处理文件
[06:23:09] [监控] 无待处理文件
[06:28:09] [监控] 无待处理文件
[06:33:10] [监控] 无待处理文件
[06:38:10] [监控] 无待处理文件
[06:43:10] [监控] 无待处理文件
[06:48:10] [监控] 无待处理文件
[06:53:11] [监控] 无待处理文件
[06:58:11] [监控] 无待处理文件
[07:03:11] [监控] 无待处理文件
[07:08:11] [监控] 无待处理文件
[07:13:12] [监控] 无待处理文件
[07:18:12] [监控] 无待处理文件
[07:23:12] [监控] 无待处理文件
[07:28:12] [监控] 无待处理文件
[07:33:13] [监控] 无待处理文件
[07:38:13] [监控] 无待处理文件
[07:43:13] [监控] 无待处理文件
[07:48:13] [监控] 无待处理文件
[07:53:14] [监控] 无待处理文件
[07:58:14] [监控] 无待处理文件
[08:03:14] [监控] 无待处理文件
[08:08:14] [监控] 无待处理文件
[08:13:15] [监控] 无待处理文件
[08:18:15] [监控] 无待处理文件
[08:23:15] [监控] 无待处理文件
[08:28:15] [监控] 无待处理文件
[08:33:16] [监控] 无待处理文件
[08:38:16] [监控] 无待处理文件
[08:43:16] [监控] 无待处理文件
[08:48:16] [监控] 无待处理文件
[08:53:16] [监控] 无待处理文件
[08:58:17] [监控] 无待处理文件
[09:03:17] [监控] 无待处理文件
[09:08:17] [监控] 无待处理文件
[09:13:17] [监控] 无待处理文件
[09:18:18] [监控] 无待处理文件
[09:23:18] [监控] 无待处理文件
[09:28:18] [监控] 无待处理文件
[09:33:18] [监控] 无待处理文件
[09:38:19] [监控] 无待处理文件
[09:43:19] [监控] 无待处理文件
[09:48:19] [监控] 无待处理文件
[09:53:19] [监控] 无待处理文件
[09:58:20] [监控] 无待处理文件
[10:03:20] [监控] 无待处理文件
[10:08:20] [监控] 无待处理文件
[10:13:20] [监控] 无待处理文件
[10:18:21] [监控] 无待处理文件
[10:23:21] [监控] 无待处理文件
[10:28:21] [监控] 无待处理文件
[10:33:21] [监控] 无待处理文件
[10:38:22] [监控] 无待处理文件
[10:43:22] [监控] 无待处理文件
[10:48:22] [监控] 无待处理文件
[10:53:22] [监控] 无待处理文件
[10:58:23] [监控] 无待处理文件
[11:03:23] [监控] 无待处理文件
[11:08:23] [监控] 无待处理文件
[11:13:23] [监控] 无待处理文件
[11:18:24] [监控] 无待处理文件
[11:23:26] [监控] 无待处理文件
[11:28:27] [监控] 无待处理文件
[11:33:27] [监控] 无待处理文件
[11:38:27] [监控] 无待处理文件
[11:43:27] [监控] 无待处理文件
[11:48:28] [监控] 无待处理文件
[11:53:28] [监控] 无待处理文件
[11:58:28] [监控] 无待处理文件
[12:03:28] [监控] 无待处理文件
[12:08:29] [监控] 无待处理文件
[12:13:29] [监控] 无待处理文件
[12:18:29] [监控] 无待处理文件
[12:23:29] [监控] 无待处理文件
[12:28:30] [监控] 无待处理文件
[12:33:30] [监控] 无待处理文件
[12:38:30] [监控] 无待处理文件
[12:43:30] [监控] 无待处理文件
[12:48:31] [监控] 无待处理文件
[12:53:31] [监控] 无待处理文件
[12:58:31] [监控] 无待处理文件
[13:03:31] [监控] 无待处理文件
[13:08:32] [监控] 无待处理文件
[13:13:32] [监控] 无待处理文件
[13:18:32] [监控] 无待处理文件
[13:23:32] [监控] 无待处理文件
[13:28:33] [监控] 无待处理文件
[13:33:33] [监控] 无待处理文件
[13:38:33] [监控] 无待处理文件
[13:43:33] [监控] 无待处理文件
[13:48:34] [监控] 无待处理文件
[13:53:34] [监控] 无待处理文件
[13:58:34] [监控] 无待处理文件
[14:03:34] [监控] 无待处理文件
[14:08:35] [监控] 无待处理文件
[14:13:35] [监控] 无待处理文件
[14:18:35] [监控] 无待处理文件
[14:23:35] [监控] 无待处理文件
[14:28:36] [监控] 无待处理文件
[14:33:36] [监控] 无待处理文件
[14:38:36] [监控] 无待处理文件
[14:43:36] [监控] 无待处理文件
[14:48:37] [监控] 无待处理文件
[14:53:37] [监控] 无待处理文件
[14:58:37] [监控] 无待处理文件
[15:03:37] [监控] 无待处理文件
[15:08:38] [监控] 无待处理文件
[15:13:38] [监控] 无待处理文件
[15:18:38] [监控] 无待处理文件
[15:23:38] [监控] 无待处理文件
[15:28:39] [监控] 无待处理文件
[15:33:39] [监控] 无待处理文件
[15:38:39] [监控] 无待处理文件
[15:43:39] [监控] 无待处理文件
[15:48:40] [监控] 无待处理文件
[15:53:40] [监控] 无待处理文件
[15:58:40] [监控] 无待处理文件
[16:03:40] [监控] 无待处理文件
[16:08:41] [监控] 无待处理文件
[16:13:41] [监控] 无待处理文件
[16:18:41] [监控] 无待处理文件
[16:23:41] [监控] 无待处理文件
[16:28:42] [监控] 无待处理文件
[16:33:42] [监控] 无待处理文件
[16:38:42] [监控] 无待处理文件
[16:43:42] [监控] 无待处理文件
[16:48:43] [监控] 无待处理文件
[16:53:43] [监控] 无待处理文件
[16:58:43] [监控] 无待处理文件
[17:03:43] [监控] 无待处理文件
[17:08:43] [监控] 无待处理文件
[17:13:44] [监控] 无待处理文件
[17:18:44] [监控] 无待处理文件
[17:23:44] [监控] 无待处理文件
[17:28:44] [监控] 无待处理文件
[17:33:45] [监控] 无待处理文件
[17:38:45] [监控] 无待处理文件
[17:43:45] [监控] 无待处理文件
[17:48:45] [监控] 无待处理文件
[17:53:46] [监控] 无待处理文件
[17:58:46] [监控] 无待处理文件
[18:03:46] [监控] 无待处理文件
[18:08:46] [监控] 无待处理文件
[18:13:47] [监控] 无待处理文件
[18:18:47] [监控] 无待处理文件
[18:23:47] [监控] 无待处理文件
[18:28:47] [监控] 无待处理文件
[18:33:48] [监控] 无待处理文件
[18:38:48] [监控] 无待处理文件
[18:43:48] [监控] 无待处理文件
[18:48:48] [监控] 无待处理文件
[18:53:48] [监控] 无待处理文件
[18:58:49] [监控] 无待处理文件
[19:03:49] [监控] 无待处理文件
[19:08:49] [监控] 无待处理文件
[19:13:49] [监控] 无待处理文件
[19:18:50] [监控] 无待处理文件
[19:23:50] [监控] 无待处理文件
[19:28:50] [监控] 无待处理文件
[19:33:50] [监控] 无待处理文件
[19:38:51] [监控] 无待处理文件
[19:43:51] [监控] 无待处理文件
[19:48:51] [监控] 无待处理文件
[19:53:51] [监控] 无待处理文件
[19:58:51] [监控] 无待处理文件
[20:03:52] [监控] 无待处理文件
[20:08:52] [监控] 无待处理文件
[20:13:52] [监控] 无待处理文件
[20:18:52] [监控] 无待处理文件
[20:23:53] [监控] 无待处理文件
[20:28:53] [监控] 无待处理文件
[20:33:53] [监控] 无待处理文件
[20:38:53] [监控] 无待处理文件
[20:43:54] [监控] 无待处理文件
[20:48:54] [监控] 无待处理文件
[20:53:54] [监控] 无待处理文件
[20:58:54] [监控] 无待处理文件
[21:03:55] [监控] 无待处理文件
[21:08:55] [监控] 无待处理文件
[21:13:55] [监控] 无待处理文件
[21:18:55] [监控] 无待处理文件
[21:23:56] [监控] 无待处理文件
[21:28:56] [监控] 无待处理文件
[21:33:56] [监控] 无待处理文件
[21:38:56] [监控] 无待处理文件
[21:43:57] [监控] 无待处理文件
[21:48:57] [监控] 无待处理文件
[21:53:57] [监控] 无待处理文件
[21:58:57] [监控] 无待处理文件
[22:03:58] [监控] 无待处理文件
[22:08:58] [监控] 无待处理文件
[22:13:58] [监控] 无待处理文件
[22:18:58] [监控] 无待处理文件
[22:23:59] [监控] 无待处理文件
[22:28:59] [监控] 无待处理文件
[22:33:59] [监控] 无待处理文件
[22:39:00] [监控] 无待处理文件
[22:44:00] [监控] 无待处理文件
[22:49:00] [监控] 无待处理文件
[22:54:00] [监控] 无待处理文件
[22:59:01] [监控] 无待处理文件
[23:04:01] [监控] 无待处理文件
[23:09:01] [监控] 无待处理文件
[23:14:01] [监控] 无待处理文件
[23:19:02] [监控] 无待处理文件
[23:24:02] [监控] 无待处理文件
[23:29:02] [监控] 无待处理文件
[23:34:02] [监控] 无待处理文件
[23:39:03] [监控] 无待处理文件
[23:44:03] [监控] 无待处理文件
[23:49:03] [监控] 无待处理文件
[23:54:03] [监控] 无待处理文件
[23:59:04] [监控] 无待处理文件
[00:04:04] [监控] 无待处理文件
[00:09:04] [监控] 无待处理文件
[00:14:04] [监控] 无待处理文件
[00:19:04] [监控] 无待处理文件
[00:24:05] [监控] 无待处理文件
[00:29:05] [监控] 无待处理文件
[00:34:05] [监控] 无待处理文件
[00:39:05] [监控] 无待处理文件
[00:44:06] [监控] 无待处理文件
[00:49:06] [监控] 无待处理文件
[00:54:06] [监控] 无待处理文件
[00:59:06] [监控] 无待处理文件
[01:04:07] [监控] 无待处理文件
[01:09:07] [监控] 无待处理文件
[01:14:07] [监控] 无待处理文件
[01:19:08] [监控] 无待处理文件
[01:24:08] [监控] 无待处理文件
[01:29:08] [监控] 无待处理文件
[01:34:08] [监控] 无待处理文件
[01:39:09] [监控] 无待处理文件
[01:44:09] [监控] 无待处理文件
[01:49:09] [监控] 无待处理文件
[01:54:09] [监控] 无待处理文件
[01:59:10] [监控] 无待处理文件
[02:04:10] [监控] 无待处理文件
[02:09:10] [监控] 无待处理文件
[02:14:10] [监控] 无待处理文件
[02:19:11] [监控] 无待处理文件
[02:24:11] [监控] 无待处理文件
[02:29:11] [监控] 无待处理文件
[02:34:11] [监控] 无待处理文件
[02:39:12] [监控] 无待处理文件
[02:44:12] [监控] 无待处理文件
[02:49:12] [监控] 无待处理文件
[02:54:12] [监控] 无待处理文件
[02:59:13] [监控] 无待处理文件
[03:04:13] [监控] 无待处理文件
[03:09:13] [监控] 无待处理文件
[03:14:13] [监控] 无待处理文件
[03:19:14] [监控] 无待处理文件
[03:24:14] [监控] 无待处理文件
[03:29:14] [监控] 无待处理文件
[03:34:14] [监控] 无待处理文件
[03:39:15] [监控] 无待处理文件
[03:44:15] [监控] 无待处理文件
[03:49:15] [监控] 无待处理文件
[03:54:15] [监控] 无待处理文件
[03:59:16] [监控] 无待处理文件
[04:04:16] [监控] 无待处理文件
[04:09:16] [监控] 无待处理文件
[04:14:16] [监控] 无待处理文件
[04:19:17] [监控] 无待处理文件
[04:24:17] [监控] 无待处理文件
[04:29:17] [监控] 无待处理文件
[04:34:18] [监控] 无待处理文件
[04:39:18] [监控] 无待处理文件
[04:44:18] [监控] 无待处理文件
[04:49:18] [监控] 无待处理文件
[04:54:19] [监控] 无待处理文件
[04:59:19] [监控] 无待处理文件
[05:04:19] [监控] 无待处理文件
[05:09:19] [监控] 无待处理文件
✏️  已去掉重复.mp4后缀: Cum Inside Meee Hot Asian Takes a Breeding Lia Lin Creampie.mp4.mp4 -> Cum Inside Meee Hot Asian Takes a Breeding Lia Lin Creampie.mp4
[05:09:29] [处理] 发现文件: Cum Inside Meee Hot Asian Takes a Breeding Lia Lin Creampie.mp4 (D:\Videos)
  🔊 音频响度标准化: Cum Inside Meee Hot Asian Takes a Breeding Lia Lin Creampie.mp4
  📏 第一遍：测量音频响度...
  🔊 第二遍：应用响度标准化 (输入 -37.22 LUFS → -16 LUFS)...
  🔍 校验输出音轨...
  ✅ 音频标准化完成
  🔍 正在进行 NSFW 检测...
  ✅ 检测结果: 普通内容
  📁 目标: Movies (普通)
  ✅ 已移动
